station,1951,1952,1953,1954,1955,1956,1957,1958,1959,1960,1961,1962,1963,1964,1965,1966,1967,1968,1969,1970,1971,1972,1973,1974,1975,1976,1977,1978,1979,1980,1981,1982,1983,1984,1985,1986,1987,1988,1989,1990,1991,1992,1993,1994,1995,1996,1997,1998,1999,2000,2001,2002,2003,2004,2005,2006,2007,2008,2009,2010,2011,2012,2013,2014,2015,2016,2017,2018,2019,2020,2021,2022,2023,2024
USC00010583,1072.0,1300.0,673.0,866.0,2858.0,1158.0,1514.0,594.0,1295.0,828.0,1575.0,2311.0,711.0,960.0,2273.0,747.0,953.0,691.0,1372.0,752.0,737.0,1173.0,1082.0,945.0,2245.0,785.0,790.0,1257.0,1420.0,1496.0,970.0,554.0,3109.0,1628.0,1793.0,881.0,650.0,925.0,1918.0,1605.0,996.0,874.0,1080.0,714.0,1534.0,1118.0,3957.0,3838.0,1285.0,653.0,988.0,2032.0,2421.0,2286.0,1270.0,1016.0,1016.0,1524.0,1549.0,1524.0,823.0,1651.0,1168.0,1194.0,1016.0,803.0,1397.0,2108.0,826.0,1168.0,1163.0,625.0,508.0,871.0
USC00012813,1562.0,1036.0,935.0,2489.0,1194.0,1270.0,1232.0,696.0,1059.0,820.0,1859.0,767.0,975.0,1351.0,1588.0,917.0,1080.0,714.0,1562.0,1163.0,627.0,955.0,1046.0,1300.0,1410.0,1245.0,752.0,2858.0,1247.0,1389.0,2187.0,1064.0,1354.0,1458.0,1486.0,622.0,1057.0,1016.0,1981.0,1575.0,1196.0,2032.0,1181.0,1130.0,1872.0,2111.0,3688.0,2332.0,815.0,777.0,1867.0,1588.0,1245.0,1740.0,3493.0,780.0,1323.0,1191.0,1298.0,739.0,777.0,1483.0,1938.0,3033.0,996.0,1102.0,1372.0,1334.0,1334.0,3152.0,1295.0,1105.0,699.0,1278.0
USC00020080,965.0,257.0,318.0,371.0,259.0,424.0,218.0,254.0,391.0,826.0,508.0,206.0,386.0,262.0,460.0,272.0,345.0,488.0,325.0,462.0,348.0,450.0,234.0,262.0,191.0,409.0,475.0,320.0,465.0,191.0,264.0,335.0,257.0,452.0,221.0,180.0,254.0,234.0,351.0,348.0,277.0,244.0,246.0,251.0,318.0,312.0,91.0,315.0,404.0,262.0,282.0,69.0,455.0,340.0,117.0,229.0,622.0,,236.0,521.0,373.0,902.0,356.0,429.0,264.0,254.0,411.0,762.0,699.0,254.0,216.0,267.0,203.0,498.0
USC00020287,559.0,221.0,366.0,267.0,279.0,185.0,173.0,356.0,439.0,495.0,234.0,1092.0,437.0,229.0,376.0,305.0,165.0,462.0,203.0,475.0,508.0,483.0,191.0,259.0,183.0,213.0,345.0,457.0,305.0,427.0,470.0,254.0,521.0,422.0,508.0,394.0,241.0,635.0,305.0,627.0,234.0,559.0,711.0,241.0,610.0,432.0,152.0,508.0,363.0,244.0,330.0,371.0,368.0,229.0,183.0,297.0,584.0,592.0,312.0,645.0,470.0,330.0,343.0,508.0,361.0,483.0,254.0,318.0,546.0,279.0,737.0,767.0,305.0,236.0
USC00020750,229.0,462.0,356.0,480.0,234.0,173.0,264.0,221.0,198.0,180.0,216.0,150.0,236.0,165.0,424.0,208.0,478.0,257.0,234.0,310.0,165.0,442.0,257.0,173.0,381.0,307.0,196.0,335.0,371.0,226.0,508.0,279.0,246.0,330.0,267.0,213.0,259.0,490.0,206.0,208.0,246.0,320.0,318.0,251.0,183.0,142.0,526.0,508.0,262.0,208.0,211.0,406.0,254.0,635.0,224.0,292.0,178.0,356.0,279.0,221.0,254.0,279.0,483.0,445.0,417.0,203.0,508.0,132.0,521.0,216.0,213.0,465.0,363.0,330.0
USC00028162,157.0,244.0,376.0,536.0,368.0,254.0,272.0,269.0,277.0,160.0,274.0,218.0,234.0,414.0,168.0,221.0,279.0,493.0,305.0,244.0,267.0,221.0,254.0,231.0,259.0,338.0,566.0,417.0,318.0,305.0,368.0,282.0,368.0,394.0,211.0,577.0,262.0,216.0,274.0,284.0,157.0,445.0,452.0,699.0,185.0,424.0,201.0,178.0,325.0,300.0,254.0,592.0,236.0,264.0,140.0,241.0,279.0,229.0,211.0,203.0,254.0,216.0,366.0,244.0,511.0,305.0,229.0,394.0,292.0,,,356.0,381.0,500.0
USC00029542,206.0,267.0,170.0,259.0,498.0,130.0,239.0,267.0,208.0,203.0,155.0,165.0,196.0,152.0,175.0,305.0,231.0,274.0,180.0,246.0,254.0,465.0,315.0,119.0,300.0,198.0,472.0,368.0,216.0,257.0,335.0,170.0,427.0,203.0,452.0,343.0,348.0,183.0,208.0,180.0,147.0,135.0,302.0,140.0,183.0,279.0,216.0,335.0,338.0,173.0,185.0,287.0,259.0,114.0,142.0,262.0,191.0,188.0,188.0,226.0,257.0,394.0,457.0,114.0,178.0,381.0,439.0,460.0,132.0,152.0,363.0,406.0,284.0,406.0
USC00030006,749.0,897.0,993.0,660.0,686.0,447.0,1542.0,744.0,940.0,798.0,1765.0,1168.0,457.0,737.0,1194.0,775.0,1290.0,1024.0,1049.0,831.0,683.0,856.0,884.0,914.0,818.0,465.0,488.0,747.0,648.0,538.0,1143.0,22860.0,1435.0,826.0,1232.0,693.0,1016.0,592.0,635.0,1044.0,864.0,483.0,859.0,1461.0,673.0,940.0,699.0,1461.0,699.0,762.0,1092.0,1448.0,447.0,754.0,635.0,1087.0,1560.0,1278.0,648.0,386.0,1067.0,,,775.0,1334.0,2477.0,686.0,818.0,2057.0,1245.0,711.0,884.0,1130.0,787.0
USC00030130,881.0,1054.0,1201.0,508.0,940.0,1778.0,1334.0,800.0,1829.0,732.0,1148.0,1080.0,1161.0,889.0,1618.0,1100.0,889.0,889.0,1384.0,1397.0,549.0,772.0,889.0,1247.0,1064.0,1209.0,711.0,792.0,678.0,587.0,1041.0,833.0,1224.0,1509.0,1346.0,978.0,724.0,1067.0,724.0,889.0,1080.0,1232.0,991.0,1016.0,686.0,724.0,1270.0,1173.0,665.0,721.0,808.0,546.0,1227.0,1011.0,1135.0,798.0,597.0,2065.0,1118.0,1245.0,1173.0,828.0,1059.0,724.0,973.0,1024.0,940.0,1095.0,899.0,663.0,587.0,701.0,800.0,1072.0
USC00030458,826.0,955.0,754.0,1143.0,526.0,622.0,904.0,622.0,1168.0,993.0,754.0,605.0,1024.0,1161.0,1074.0,912.0,579.0,1029.0,914.0,914.0,729.0,737.0,902.0,737.0,1694.0,630.0,914.0,648.0,726.0,472.0,597.0,660.0,1778.0,1130.0,699.0,635.0,902.0,648.0,688.0,650.0,734.0,742.0,729.0,1367.0,775.0,737.0,864.0,711.0,1204.0,1130.0,505.0,861.0,815.0,754.0,1041.0,785.0,909.0,1323.0,1054.0,917.0,1156.0,691.0,1323.0,937.0,813.0,953.0,1092.0,1222.0,749.0,940.0,650.0,983.0,1842.0,1219.0
USC00031102,828.0,625.0,953.0,1384.0,1397.0,953.0,2047.0,853.0,1308.0,1427.0,1118.0,724.0,866.0,884.0,1118.0,584.0,719.0,726.0,1598.0,953.0,513.0,808.0,864.0,1026.0,610.0,445.0,831.0,978.0,610.0,676.0,660.0,706.0,902.0,991.0,1156.0,635.0,1041.0,1971.0,508.0,1021.0,1016.0,732.0,986.0,846.0,622.0,584.0,676.0,599.0,775.0,823.0,889.0,1016.0,749.0,1085.0,1219.0,584.0,508.0,1219.0,1918.0,688.0,1364.0,843.0,699.0,838.0,826.0,1059.0,1461.0,1054.0,874.0,1138.0,1430.0,1062.0,1143.0,1359.0
USC00031152,1146.0,1217.0,597.0,622.0,904.0,838.0,917.0,980.0,965.0,889.0,1435.0,516.0,389.0,1207.0,940.0,1430.0,597.0,635.0,1334.0,655.0,2007.0,635.0,711.0,1105.0,1580.0,452.0,508.0,569.0,757.0,605.0,767.0,528.0,699.0,1435.0,762.0,1323.0,1730.0,899.0,775.0,1270.0,996.0,754.0,660.0,1146.0,549.0,805.0,2098.0,914.0,1080.0,508.0,1054.0,724.0,973.0,1524.0,1207.0,1003.0,958.0,1295.0,1389.0,1041.0,726.0,1100.0,749.0,686.0,1176.0,914.0,701.0,1092.0,,927.0,597.0,681.0,584.0,1016.0
USC00033734,638.0,892.0,922.0,516.0,630.0,864.0,1090.0,762.0,594.0,719.0,752.0,508.0,1054.0,922.0,1245.0,1041.0,762.0,701.0,1201.0,1372.0,640.0,831.0,1143.0,813.0,1270.0,782.0,653.0,1067.0,1029.0,1021.0,726.0,579.0,739.0,691.0,739.0,513.0,640.0,1031.0,673.0,978.0,1214.0,521.0,521.0,744.0,823.0,660.0,1092.0,559.0,381.0,513.0,922.0,1168.0,1059.0,1003.0,470.0,876.0,676.0,988.0,818.0,876.0,907.0,871.0,714.0,1135.0,851.0,1656.0,1021.0,826.0,833.0,861.0,851.0,914.0,729.0,1049.0
USC00035186,551.0,655.0,912.0,500.0,785.0,869.0,1252.0,1003.0,699.0,665.0,841.0,724.0,772.0,787.0,950.0,894.0,678.0,953.0,1194.0,1588.0,,874.0,777.0,823.0,955.0,864.0,737.0,1077.0,1024.0,1146.0,622.0,671.0,970.0,683.0,762.0,559.0,785.0,1499.0,699.0,742.0,732.0,559.0,605.0,584.0,569.0,752.0,1397.0,889.0,889.0,592.0,871.0,1461.0,1753.0,744.0,673.0,853.0,828.0,953.0,1250.0,1153.0,879.0,826.0,945.0,876.0,940.0,1468.0,1173.0,950.0,851.0,1092.0,518.0,787.0,1364.0,1067.0
USC00041614,244.0,305.0,196.0,168.0,152.0,,,196.0,157.0,384.0,157.0,419.0,282.0,196.0,180.0,122.0,345.0,170.0,259.0,371.0,262.0,254.0,196.0,262.0,226.0,236.0,234.0,272.0,211.0,605.0,267.0,191.0,211.0,307.0,208.0,488.0,142.0,376.0,363.0,185.0,340.0,472.0,310.0,147.0,254.0,259.0,452.0,272.0,254.0,208.0,188.0,191.0,277.0,229.0,119.0,226.0,277.0,147.0,211.0,419.0,157.0,142.0,457.0,203.0,203.0,241.0,353.0,241.0,295.0,224.0,411.0,231.0,292.0,185.0
USC00050848,777.0,513.0,378.0,163.0,241.0,376.0,841.0,333.0,366.0,483.0,381.0,277.0,673.0,269.0,320.0,234.0,465.0,356.0,856.0,536.0,472.0,442.0,569.0,442.0,485.0,224.0,554.0,521.0,,290.0,254.0,483.0,704.0,465.0,312.0,904.0,795.0,472.0,,,592.0,508.0,480.0,485.0,892.0,485.0,813.0,513.0,455.0,460.0,391.0,434.0,627.0,422.0,394.0,325.0,310.0,396.0,658.0,376.0,356.0,503.0,2306.0,650.0,498.0,610.0,790.0,366.0,338.0,419.0,414.0,282.0,391.0,592.0
USC00051660,292.0,241.0,290.0,165.0,193.0,168.0,234.0,206.0,224.0,241.0,338.0,307.0,272.0,135.0,302.0,193.0,241.0,132.0,244.0,254.0,132.0,208.0,508.0,335.0,300.0,213.0,178.0,198.0,310.0,246.0,178.0,231.0,203.0,460.0,287.0,175.0,356.0,135.0,183.0,224.0,249.0,363.0,257.0,196.0,254.0,282.0,183.0,203.0,373.0,302.0,249.0,218.0,394.0,254.0,356.0,203.0,447.0,224.0,198.0,196.0,231.0,165.0,264.0,297.0,287.0,234.0,343.0,305.0,224.0,257.0,361.0,257.0,287.0,432.0
USC00051713,152.0,168.0,191.0,269.0,432.0,137.0,254.0,259.0,196.0,102.0,165.0,168.0,226.0,241.0,211.0,183.0,152.0,366.0,302.0,259.0,432.0,201.0,218.0,160.0,132.0,272.0,216.0,152.0,152.0,198.0,178.0,239.0,279.0,216.0,188.0,185.0,127.0,140.0,254.0,201.0,117.0,185.0,203.0,198.0,417.0,102.0,267.0,147.0,185.0,343.0,178.0,218.0,203.0,224.0,213.0,345.0,193.0,264.0,127.0,203.0,241.0,170.0,208.0,178.0,203.0,229.0,168.0,241.0,165.0,155.0,284.0,170.0,231.0,259.0
USC00052184,160.0,345.0,231.0,241.0,216.0,165.0,353.0,203.0,333.0,231.0,259.0,147.0,107.0,330.0,231.0,201.0,191.0,302.0,338.0,173.0,173.0,206.0,279.0,203.0,216.0,211.0,145.0,262.0,274.0,259.0,236.0,152.0,269.0,170.0,648.0,236.0,178.0,165.0,168.0,241.0,234.0,368.0,203.0,175.0,292.0,312.0,335.0,340.0,384.0,300.0,206.0,140.0,191.0,429.0,249.0,201.0,213.0,300.0,231.0,175.0,135.0,178.0,216.0,170.0,254.0,183.0,224.0,224.0,391.0,330.0,173.0,302.0,112.0,216.0
USC00052281,310.0,259.0,157.0,163.0,163.0,206.0,318.0,178.0,307.0,178.0,254.0,239.0,234.0,137.0,185.0,157.0,216.0,323.0,262.0,216.0,137.0,109.0,168.0,168.0,185.0,305.0,203.0,165.0,287.0,259.0,282.0,216.0,211.0,343.0,173.0,178.0,104.0,157.0,208.0,229.0,185.0,185.0,305.0,259.0,254.0,224.0,160.0,140.0,231.0,340.0,183.0,244.0,188.0,155.0,224.0,203.0,218.0,249.0,163.0,213.0,452.0,208.0,244.0,234.0,196.0,193.0,284.0,185.0,206.0,135.0,287.0,257.0,406.0,191.0
USC00053005,777.0,429.0,467.0,180.0,249.0,244.0,554.0,447.0,307.0,409.0,815.0,259.0,683.0,249.0,688.0,241.0,538.0,384.0,345.0,577.0,411.0,180.0,206.0,724.0,546.0,262.0,1125.0,470.0,505.0,292.0,335.0,805.0,475.0,516.0,371.0,254.0,328.0,411.0,284.0,884.0,241.0,632.0,262.0,460.0,386.0,343.0,1176.0,465.0,612.0,208.0,267.0,315.0,838.0,269.0,381.0,231.0,556.0,445.0,533.0,290.0,437.0,488.0,505.0,500.0,411.0,366.0,704.0,442.0,262.0,330.0,452.0,500.0,622.0,414.0
USC00053496,185.0,221.0,351.0,368.0,234.0,188.0,249.0,147.0,254.0,272.0,470.0,216.0,216.0,231.0,216.0,246.0,254.0,203.0,500.0,251.0,328.0,216.0,399.0,297.0,246.0,183.0,279.0,130.0,224.0,241.0,155.0,180.0,246.0,564.0,813.0,485.0,241.0,292.0,157.0,168.0,218.0,249.0,447.0,152.0,282.0,188.0,246.0,267.0,445.0,201.0,183.0,165.0,450.0,277.0,305.0,173.0,191.0,472.0,160.0,191.0,246.0,229.0,234.0,305.0,284.0,203.0,381.0,203.0,381.0,211.0,292.0,203.0,,338.0
USC00053951,246.0,216.0,318.0,330.0,211.0,152.0,254.0,292.0,356.0,229.0,546.0,216.0,254.0,356.0,419.0,241.0,203.0,762.0,495.0,343.0,432.0,279.0,254.0,216.0,356.0,254.0,254.0,318.0,267.0,394.0,254.0,216.0,279.0,267.0,330.0,699.0,279.0,267.0,508.0,292.0,533.0,432.0,254.0,254.0,262.0,203.0,445.0,457.0,198.0,373.0,206.0,152.0,533.0,188.0,432.0,198.0,229.0,1397.0,142.0,254.0,188.0,180.0,216.0,533.0,178.0,198.0,,140.0,381.0,218.0,340.0,178.0,249.0,381.0
USC00054082,897.0,518.0,541.0,665.0,533.0,465.0,394.0,320.0,556.0,284.0,348.0,582.0,762.0,325.0,356.0,467.0,345.0,351.0,617.0,345.0,343.0,572.0,378.0,577.0,521.0,439.0,508.0,178.0,417.0,343.0,559.0,602.0,455.0,419.0,500.0,,541.0,508.0,533.0,401.0,381.0,373.0,368.0,307.0,305.0,635.0,488.0,462.0,424.0,523.0,622.0,297.0,333.0,767.0,406.0,445.0,391.0,417.0,892.0,323.0,605.0,246.0,249.0,759.0,450.0,427.0,457.0,231.0,282.0,452.0,1082.0,411.0,465.0,485.0
USC00057936,236.0,361.0,328.0,244.0,287.0,249.0,340.0,191.0,371.0,178.0,648.0,185.0,246.0,234.0,376.0,411.0,274.0,305.0,226.0,363.0,381.0,262.0,330.0,300.0,249.0,183.0,267.0,312.0,262.0,208.0,302.0,241.0,310.0,254.0,310.0,,,246.0,328.0,231.0,259.0,229.0,282.0,152.0,292.0,328.0,447.0,307.0,406.0,432.0,236.0,267.0,213.0,,335.0,442.0,353.0,211.0,208.0,406.0,315.0,452.0,333.0,249.0,267.0,234.0,224.0,323.0,361.0,208.0,246.0,409.0,348.0,284.0
USC00058931,269.0,554.0,450.0,218.0,968.0,257.0,432.0,132.0,452.0,320.0,437.0,244.0,152.0,478.0,386.0,930.0,401.0,244.0,264.0,318.0,287.0,203.0,180.0,264.0,198.0,330.0,330.0,173.0,620.0,287.0,333.0,239.0,310.0,277.0,224.0,437.0,704.0,152.0,208.0,315.0,737.0,437.0,284.0,208.0,,259.0,264.0,254.0,384.0,279.0,257.0,229.0,777.0,282.0,284.0,498.0,447.0,305.0,297.0,203.0,292.0,312.0,183.0,229.0,414.0,312.0,300.0,249.0,203.0,292.0,353.0,282.0,272.0,234.0
USC00080478,904.0,711.0,1161.0,625.0,587.0,508.0,810.0,846.0,782.0,1199.0,699.0,762.0,1016.0,610.0,1179.0,671.0,665.0,965.0,709.0,630.0,1034.0,749.0,1016.0,986.0,762.0,1092.0,709.0,610.0,762.0,838.0,953.0,1105.0,1006.0,846.0,495.0,622.0,889.0,1257.0,828.0,742.0,787.0,846.0,808.0,559.0,876.0,808.0,719.0,1473.0,744.0,663.0,1194.0,1313.0,1194.0,1588.0,1067.0,889.0,691.0,813.0,940.0,559.0,1587.0,996.0,782.0,584.0,635.0,1148.0,2103.0,909.0,777.0,607.0,950.0,1412.0,767.0,1486.0
USC00083163,787.0,559.0,1219.0,1397.0,864.0,762.0,1626.0,1041.0,1003.0,660.0,531.0,,,1549.0,1397.0,1740.0,1146.0,1171.0,2540.0,1041.0,521.0,1532.0,2654.0,945.0,673.0,1427.0,1384.0,1389.0,3706.0,1387.0,1173.0,1930.0,1123.0,1359.0,991.0,975.0,988.0,1077.0,1321.0,1130.0,1801.0,991.0,833.0,1720.0,1367.0,1054.0,1478.0,1199.0,2103.0,1461.0,1341.0,947.0,1455.0,1120.0,978.0,826.0,792.0,993.0,627.0,1316.0,952.0,1453.0,1463.0,986.0,572.0,541.0,1529.0,1181.0,711.0,1854.0,762.0,1524.0,4343.0,2096.0
USC00083207,1247.0,706.0,1671.0,1275.0,1036.0,1354.0,739.0,1026.0,960.0,932.0,767.0,848.0,1681.0,1509.0,518.0,864.0,574.0,1006.0,968.0,1288.0,841.0,693.0,592.0,780.0,460.0,627.0,699.0,556.0,671.0,533.0,1087.0,810.0,1011.0,942.0,1595.0,1247.0,2167.0,762.0,485.0,676.0,856.0,665.0,942.0,1011.0,1204.0,1273.0,826.0,1082.0,1331.0,1021.0,914.0,554.0,914.0,1778.0,686.0,533.0,1021.0,3076.0,554.0,734.0,1161.0,1473.0,521.0,2703.0,1194.0,1969.0,3518.0,513.0,754.0,1283.0,1016.0,701.0,1354.0,838.0
USC00086240,1626.0,846.0,1207.0,1384.0,1054.0,1626.0,1295.0,1245.0,953.0,889.0,937.0,991.0,1219.0,1245.0,1092.0,1880.0,1588.0,2032.0,1427.0,2108.0,610.0,1095.0,886.0,1311.0,2309.0,737.0,914.0,1664.0,1341.0,988.0,1529.0,1829.0,1397.0,1016.0,1590.0,2372.0,1237.0,897.0,1295.0,1808.0,1971.0,1054.0,1321.0,2731.0,1499.0,1473.0,876.0,2438.0,940.0,800.0,1204.0,1168.0,739.0,2167.0,1969.0,559.0,2525.0,879.0,1156.0,1494.0,1293.0,1113.0,1168.0,1854.0,1295.0,1207.0,1181.0,1016.0,1181.0,2568.0,889.0,1074.0,1092.0,1092.0
USC00087205,902.0,668.0,1349.0,894.0,759.0,767.0,1006.0,711.0,861.0,2174.0,503.0,795.0,1151.0,970.0,673.0,980.0,673.0,1161.0,660.0,980.0,1133.0,,792.0,,732.0,1410.0,653.0,,1270.0,970.0,950.0,925.0,711.0,719.0,1016.0,711.0,815.0,1168.0,635.0,894.0,859.0,1181.0,681.0,902.0,508.0,688.0,729.0,1956.0,589.0,955.0,1664.0,536.0,1133.0,1600.0,752.0,914.0,622.0,640.0,787.0,940.0,914.0,1016.0,749.0,1067.0,660.0,1270.0,1575.0,615.0,1181.0,1372.0,688.0,1209.0,838.0,2464.0
USC00091982,859.0,826.0,716.0,874.0,1270.0,734.0,724.0,1316.0,787.0,1283.0,775.0,1278.0,986.0,2037.0,693.0,919.0,1971.0,1140.0,688.0,701.0,594.0,584.0,762.0,869.0,1105.0,1463.0,1186.0,1062.0,1219.0,800.0,973.0,612.0,798.0,615.0,688.0,859.0,739.0,668.0,876.0,1019.0,1232.0,752.0,605.0,1100.0,991.0,1179.0,1039.0,940.0,699.0,668.0,587.0,1092.0,1207.0,3239.0,668.0,927.0,904.0,1130.0,927.0,907.0,851.0,1046.0,737.0,899.0,902.0,803.0,597.0,836.0,559.0,869.0,1842.0,640.0,744.0,1887.0
USC00102707,170.0,254.0,305.0,147.0,185.0,254.0,216.0,203.0,305.0,315.0,269.0,244.0,152.0,269.0,378.0,284.0,279.0,218.0,351.0,394.0,229.0,198.0,239.0,246.0,224.0,318.0,363.0,173.0,267.0,254.0,318.0,163.0,259.0,221.0,295.0,221.0,150.0,244.0,231.0,147.0,269.0,259.0,196.0,152.0,384.0,274.0,173.0,203.0,234.0,203.0,160.0,173.0,218.0,320.0,147.0,234.0,185.0,160.0,163.0,193.0,239.0,188.0,132.0,282.0,353.0,358.0,330.0,234.0,168.0,135.0,185.0,191.0,201.0,259.0
USC00103297,216.0,218.0,277.0,221.0,170.0,170.0,320.0,150.0,142.0,152.0,318.0,218.0,267.0,330.0,191.0,147.0,264.0,231.0,178.0,414.0,272.0,315.0,259.0,203.0,231.0,249.0,173.0,206.0,203.0,254.0,193.0,259.0,208.0,422.0,201.0,191.0,234.0,239.0,208.0,208.0,335.0,236.0,264.0,152.0,246.0,155.0,173.0,173.0,163.0,114.0,94.0,241.0,94.0,196.0,224.0,246.0,284.0,152.0,160.0,155.0,307.0,180.0,97.0,160.0,99.0,193.0,257.0,203.0,109.0,157.0,198.0,152.0,,
USC00105275,211.0,287.0,173.0,168.0,175.0,203.0,117.0,183.0,208.0,165.0,211.0,191.0,282.0,475.0,328.0,112.0,206.0,226.0,155.0,157.0,119.0,193.0,213.0,470.0,251.0,170.0,432.0,312.0,284.0,229.0,221.0,417.0,472.0,229.0,140.0,373.0,221.0,122.0,165.0,130.0,246.0,122.0,269.0,203.0,312.0,213.0,290.0,224.0,147.0,201.0,160.0,264.0,175.0,216.0,221.0,191.0,203.0,330.0,163.0,185.0,178.0,259.0,274.0,325.0,198.0,345.0,216.0,498.0,330.0,229.0,340.0,318.0,140.0,145.0
USC00106542,239.0,287.0,254.0,282.0,170.0,165.0,198.0,211.0,152.0,147.0,259.0,206.0,267.0,356.0,353.0,196.0,262.0,312.0,191.0,302.0,193.0,206.0,307.0,193.0,251.0,208.0,206.0,264.0,335.0,229.0,279.0,178.0,274.0,239.0,206.0,178.0,257.0,229.0,246.0,140.0,287.0,117.0,371.0,287.0,325.0,241.0,165.0,213.0,262.0,170.0,145.0,185.0,152.0,203.0,399.0,279.0,241.0,165.0,,292.0,178.0,193.0,145.0,394.0,244.0,373.0,244.0,305.0,152.0,201.0,203.0,163.0,231.0,180.0
USC00107386,445.0,561.0,300.0,373.0,394.0,323.0,356.0,389.0,610.0,442.0,272.0,399.0,310.0,330.0,279.0,483.0,490.0,386.0,361.0,439.0,427.0,432.0,356.0,470.0,330.0,297.0,241.0,333.0,272.0,445.0,343.0,381.0,348.0,411.0,434.0,335.0,409.0,269.0,318.0,338.0,300.0,739.0,292.0,254.0,376.0,549.0,358.0,848.0,434.0,356.0,274.0,297.0,376.0,368.0,462.0,356.0,305.0,500.0,439.0,391.0,384.0,417.0,358.0,279.0,305.0,411.0,493.0,284.0,282.0,406.0,389.0,495.0,574.0,516.0
USC00110072,673.0,386.0,490.0,1130.0,1313.0,406.0,467.0,439.0,848.0,554.0,1326.0,404.0,577.0,569.0,805.0,549.0,541.0,589.0,716.0,607.0,429.0,998.0,1237.0,386.0,790.0,732.0,775.0,399.0,528.0,726.0,559.0,767.0,673.0,460.0,455.0,,792.0,686.0,1593.0,732.0,513.0,676.0,787.0,254.0,521.0,406.0,559.0,864.0,864.0,508.0,508.0,711.0,1219.0,533.0,368.0,533.0,546.0,1054.0,495.0,686.0,394.0,546.0,787.0,701.0,676.0,668.0,818.0,1057.0,648.0,559.0,848.0,671.0,424.0,373.0
USC00110338,993.0,411.0,714.0,2662.0,462.0,274.0,1135.0,683.0,894.0,739.0,632.0,361.0,927.0,749.0,528.0,650.0,716.0,384.0,587.0,561.0,391.0,1808.0,406.0,533.0,635.0,546.0,635.0,1549.0,505.0,384.0,762.0,427.0,1567.0,599.0,627.0,,782.0,447.0,673.0,912.0,605.0,914.0,498.0,1113.0,696.0,4295.0,828.0,691.0,531.0,518.0,1016.0,612.0,574.0,787.0,348.0,541.0,526.0,886.0,610.0,917.0,587.0,541.0,1420.0,617.0,538.0,658.0,1499.0,559.0,622.0,607.0,836.0,559.0,381.0,589.0
USC00111436,1140.0,554.0,447.0,450.0,757.0,427.0,1651.0,820.0,508.0,742.0,914.0,676.0,554.0,627.0,716.0,589.0,528.0,607.0,1166.0,617.0,658.0,485.0,1316.0,660.0,643.0,429.0,655.0,620.0,638.0,635.0,589.0,917.0,516.0,511.0,638.0,709.0,551.0,622.0,1257.0,470.0,729.0,521.0,704.0,625.0,569.0,869.0,686.0,513.0,660.0,1074.0,798.0,1184.0,945.0,561.0,455.0,902.0,511.0,,676.0,526.0,620.0,485.0,836.0,765.0,462.0,813.0,831.0,1041.0,787.0,953.0,714.0,566.0,673.0,762.0
USC00112140,927.0,869.0,478.0,610.0,671.0,975.0,551.0,968.0,577.0,889.0,711.0,1044.0,511.0,696.0,483.0,737.0,513.0,1372.0,1173.0,1031.0,541.0,930.0,696.0,523.0,533.0,399.0,1110.0,828.0,1077.0,886.0,615.0,594.0,572.0,747.0,610.0,467.0,462.0,345.0,635.0,622.0,617.0,942.0,615.0,996.0,955.0,879.0,523.0,676.0,434.0,462.0,645.0,848.0,940.0,925.0,480.0,640.0,792.0,980.0,536.0,589.0,490.0,475.0,630.0,432.0,1585.0,566.0,648.0,,686.0,681.0,864.0,508.0,495.0,1039.0
USC00114198,706.0,881.0,450.0,478.0,615.0,500.0,658.0,518.0,427.0,500.0,513.0,572.0,457.0,726.0,749.0,630.0,589.0,668.0,615.0,737.0,836.0,406.0,493.0,594.0,513.0,676.0,757.0,419.0,427.0,594.0,615.0,658.0,765.0,523.0,559.0,442.0,503.0,445.0,452.0,1003.0,500.0,439.0,787.0,1356.0,640.0,541.0,673.0,592.0,767.0,630.0,660.0,1585.0,815.0,1024.0,511.0,1306.0,478.0,968.0,691.0,427.0,384.0,909.0,422.0,648.0,1034.0,607.0,1011.0,833.0,599.0,566.0,955.0,503.0,795.0,688.0
USC00120177,399.0,554.0,686.0,508.0,409.0,513.0,1107.0,815.0,693.0,437.0,699.0,607.0,607.0,648.0,638.0,424.0,409.0,559.0,597.0,445.0,381.0,475.0,513.0,566.0,508.0,838.0,556.0,495.0,508.0,711.0,635.0,483.0,798.0,500.0,521.0,404.0,457.0,498.0,625.0,500.0,498.0,892.0,869.0,381.0,503.0,752.0,569.0,716.0,427.0,508.0,437.0,599.0,1069.0,681.0,762.0,635.0,838.0,737.0,457.0,457.0,521.0,572.0,394.0,762.0,1125.0,495.0,859.0,556.0,650.0,1194.0,686.0,503.0,,483.0
USC00120676,739.0,521.0,437.0,427.0,622.0,572.0,1240.0,688.0,792.0,533.0,503.0,508.0,406.0,546.0,518.0,396.0,318.0,645.0,749.0,569.0,777.0,467.0,401.0,612.0,394.0,673.0,584.0,429.0,660.0,709.0,1067.0,396.0,439.0,452.0,381.0,495.0,632.0,328.0,638.0,579.0,462.0,696.0,790.0,470.0,561.0,526.0,513.0,919.0,442.0,516.0,879.0,434.0,,,622.0,561.0,762.0,455.0,495.0,516.0,538.0,490.0,699.0,744.0,765.0,597.0,1153.0,653.0,704.0,597.0,592.0,770.0,401.0,460.0
USC00123418,686.0,770.0,404.0,818.0,450.0,541.0,549.0,572.0,427.0,594.0,533.0,785.0,279.0,660.0,589.0,544.0,533.0,681.0,526.0,478.0,363.0,678.0,277.0,257.0,513.0,706.0,343.0,612.0,1087.0,417.0,1448.0,1067.0,490.0,620.0,587.0,620.0,490.0,808.0,650.0,813.0,775.0,635.0,884.0,348.0,660.0,853.0,876.0,762.0,378.0,452.0,1046.0,572.0,584.0,861.0,429.0,1689.0,899.0,841.0,963.0,378.0,467.0,493.0,564.0,587.0,465.0,663.0,472.0,688.0,800.0,564.0,749.0,495.0,452.0,935.0
USC00130385,732.0,706.0,508.0,737.0,686.0,610.0,983.0,3183.0,620.0,683.0,1029.0,533.0,427.0,861.0,622.0,648.0,785.0,338.0,577.0,572.0,612.0,1415.0,638.0,605.0,696.0,447.0,470.0,1176.0,511.0,457.0,584.0,536.0,462.0,645.0,445.0,889.0,889.0,622.0,1074.0,533.0,660.0,584.0,508.0,434.0,335.0,831.0,427.0,787.0,521.0,602.0,508.0,1524.0,508.0,914.0,584.0,457.0,,699.0,683.0,612.0,523.0,678.0,610.0,813.0,1161.0,810.0,1377.0,787.0,648.0,549.0,808.0,513.0,427.0,838.0
USC00130600,437.0,732.0,559.0,699.0,300.0,673.0,508.0,859.0,960.0,922.0,716.0,1621.0,693.0,597.0,744.0,620.0,678.0,1351.0,544.0,579.0,1207.0,533.0,564.0,805.0,1036.0,447.0,1529.0,734.0,696.0,714.0,592.0,480.0,1082.0,427.0,409.0,699.0,955.0,866.0,665.0,843.0,564.0,663.0,709.0,488.0,500.0,699.0,592.0,546.0,645.0,643.0,447.0,663.0,902.0,818.0,660.0,328.0,1336.0,719.0,643.0,411.0,610.0,457.0,691.0,752.0,533.0,813.0,483.0,828.0,950.0,866.0,655.0,665.0,373.0,615.0
USC00131233,737.0,686.0,333.0,470.0,648.0,566.0,864.0,518.0,445.0,584.0,792.0,615.0,399.0,432.0,589.0,739.0,648.0,724.0,472.0,386.0,483.0,495.0,1232.0,572.0,483.0,1069.0,445.0,1118.0,940.0,292.0,406.0,447.0,749.0,686.0,472.0,1016.0,640.0,1026.0,790.0,927.0,574.0,478.0,1745.0,381.0,767.0,1158.0,719.0,538.0,752.0,287.0,577.0,838.0,653.0,470.0,676.0,630.0,838.0,970.0,495.0,673.0,424.0,429.0,610.0,716.0,749.0,973.0,610.0,953.0,876.0,572.0,345.0,338.0,495.0,445.0
USC00131319,513.0,704.0,389.0,643.0,744.0,777.0,,485.0,1064.0,1029.0,1273.0,864.0,574.0,290.0,848.0,528.0,1207.0,1196.0,820.0,574.0,1506.0,709.0,544.0,632.0,912.0,411.0,1285.0,701.0,820.0,569.0,559.0,986.0,472.0,500.0,406.0,864.0,1069.0,602.0,630.0,1148.0,958.0,566.0,1684.0,503.0,605.0,561.0,749.0,663.0,721.0,419.0,521.0,1209.0,699.0,554.0,531.0,574.0,673.0,851.0,1138.0,475.0,521.0,384.0,630.0,815.0,871.0,1069.0,691.0,556.0,721.0,569.0,1123.0,892.0,523.0,693.0
USC00131394,544.0,1257.0,838.0,584.0,716.0,312.0,414.0,582.0,777.0,607.0,2040.0,549.0,498.0,721.0,559.0,483.0,526.0,538.0,490.0,1476.0,798.0,838.0,643.0,724.0,752.0,696.0,693.0,1143.0,518.0,843.0,1392.0,1054.0,394.0,986.0,851.0,996.0,1148.0,488.0,742.0,650.0,439.0,1765.0,1397.0,470.0,638.0,564.0,688.0,762.0,610.0,635.0,508.0,572.0,584.0,572.0,427.0,551.0,907.0,826.0,737.0,1219.0,610.0,,,838.0,1029.0,737.0,597.0,686.0,699.0,521.0,973.0,975.0,302.0,612.0
USC00132110,1199.0,447.0,879.0,572.0,363.0,556.0,777.0,607.0,673.0,505.0,599.0,919.0,427.0,1267.0,714.0,528.0,437.0,950.0,615.0,1544.0,414.0,1158.0,678.0,480.0,744.0,770.0,467.0,546.0,437.0,729.0,508.0,627.0,848.0,452.0,813.0,1217.0,427.0,696.0,508.0,780.0,500.0,617.0,871.0,526.0,699.0,498.0,371.0,831.0,495.0,1184.0,706.0,612.0,315.0,795.0,551.0,561.0,815.0,1676.0,442.0,500.0,432.0,447.0,658.0,602.0,927.0,2047.0,508.0,953.0,826.0,632.0,719.0,963.0,874.0,792.0
USC00132171,1067.0,650.0,907.0,688.0,424.0,366.0,699.0,561.0,757.0,577.0,711.0,531.0,838.0,650.0,1011.0,401.0,495.0,607.0,490.0,434.0,627.0,1476.0,1240.0,439.0,417.0,437.0,711.0,1191.0,427.0,389.0,851.0,564.0,597.0,386.0,478.0,422.0,490.0,856.0,912.0,1092.0,572.0,452.0,2004.0,546.0,447.0,1488.0,752.0,864.0,414.0,335.0,622.0,559.0,536.0,607.0,533.0,864.0,1123.0,1349.0,579.0,602.0,348.0,343.0,582.0,1095.0,762.0,876.0,1643.0,838.0,470.0,759.0,414.0,409.0,508.0,478.0
USC00132603,762.0,508.0,1394.0,536.0,559.0,495.0,432.0,490.0,546.0,592.0,856.0,594.0,533.0,508.0,559.0,889.0,584.0,889.0,533.0,940.0,729.0,508.0,411.0,762.0,617.0,815.0,587.0,523.0,714.0,691.0,1107.0,391.0,823.0,450.0,406.0,820.0,648.0,503.0,729.0,838.0,833.0,361.0,615.0,853.0,798.0,429.0,704.0,820.0,1143.0,671.0,475.0,511.0,889.0,574.0,462.0,582.0,902.0,765.0,749.0,808.0,1214.0,894.0,1138.0,785.0,754.0,813.0,1194.0,770.0,605.0,1250.0,457.0,582.0,465.0,500.0
USC00132999,460.0,612.0,488.0,1430.0,914.0,660.0,493.0,1016.0,602.0,460.0,610.0,505.0,528.0,820.0,653.0,663.0,673.0,838.0,1057.0,503.0,483.0,782.0,820.0,714.0,826.0,427.0,869.0,719.0,800.0,498.0,422.0,676.0,452.0,622.0,1118.0,584.0,978.0,729.0,744.0,833.0,716.0,696.0,950.0,427.0,498.0,584.0,279.0,605.0,498.0,1016.0,1158.0,533.0,394.0,686.0,1651.0,853.0,940.0,864.0,,800.0,508.0,483.0,572.0,826.0,889.0,965.0,521.0,1511.0,627.0,488.0,546.0,495.0,683.0,566.0
USC00133584,1306.0,470.0,508.0,386.0,765.0,439.0,450.0,318.0,762.0,686.0,493.0,838.0,787.0,1163.0,635.0,739.0,1179.0,1643.0,930.0,485.0,381.0,782.0,561.0,1214.0,439.0,688.0,414.0,1080.0,701.0,478.0,693.0,422.0,,,912.0,516.0,754.0,909.0,267.0,1148.0,615.0,538.0,770.0,,673.0,528.0,699.0,498.0,546.0,927.0,622.0,508.0,508.0,508.0,833.0,965.0,945.0,927.0,838.0,1306.0,394.0,462.0,856.0,996.0,650.0,605.0,935.0,1245.0,452.0,681.0,427.0,541.0,505.0,521.0
USC00134561,457.0,437.0,1524.0,,323.0,472.0,752.0,305.0,711.0,521.0,259.0,1107.0,711.0,1026.0,876.0,419.0,566.0,467.0,818.0,671.0,368.0,414.0,546.0,706.0,1011.0,307.0,747.0,1059.0,1016.0,511.0,635.0,559.0,523.0,640.0,533.0,523.0,572.0,533.0,612.0,815.0,627.0,533.0,856.0,861.0,668.0,513.0,513.0,587.0,447.0,645.0,1255.0,632.0,310.0,1626.0,790.0,602.0,1339.0,521.0,457.0,1041.0,960.0,521.0,533.0,762.0,445.0,381.0,838.0,1041.0,699.0,635.0,546.0,991.0,716.0,909.0
USC00137161,671.0,513.0,732.0,1273.0,475.0,457.0,533.0,381.0,478.0,648.0,635.0,1029.0,648.0,419.0,843.0,551.0,762.0,894.0,919.0,643.0,406.0,749.0,1270.0,559.0,475.0,475.0,508.0,909.0,1539.0,627.0,699.0,1491.0,470.0,356.0,551.0,660.0,533.0,986.0,439.0,518.0,594.0,462.0,627.0,665.0,472.0,711.0,366.0,742.0,546.0,475.0,1168.0,851.0,909.0,980.0,699.0,394.0,1344.0,759.0,384.0,737.0,376.0,691.0,991.0,673.0,572.0,706.0,584.0,627.0,770.0,475.0,544.0,363.0,401.0,
USC00140365,879.0,310.0,396.0,300.0,605.0,617.0,676.0,523.0,942.0,338.0,635.0,645.0,1143.0,732.0,724.0,376.0,378.0,1016.0,419.0,660.0,533.0,902.0,660.0,465.0,401.0,546.0,381.0,826.0,699.0,432.0,394.0,635.0,737.0,267.0,622.0,686.0,620.0,381.0,838.0,394.0,305.0,615.0,495.0,394.0,338.0,902.0,498.0,508.0,678.0,640.0,528.0,427.0,323.0,381.0,427.0,424.0,1118.0,729.0,457.0,599.0,267.0,361.0,424.0,795.0,569.0,632.0,544.0,589.0,693.0,673.0,381.0,259.0,787.0,584.0
USC00141522,1016.0,236.0,457.0,533.0,762.0,249.0,559.0,559.0,635.0,508.0,632.0,828.0,472.0,1461.0,775.0,457.0,,439.0,762.0,711.0,648.0,1138.0,787.0,318.0,610.0,457.0,660.0,1118.0,864.0,572.0,559.0,770.0,859.0,508.0,828.0,427.0,932.0,640.0,648.0,533.0,871.0,665.0,445.0,343.0,429.0,732.0,427.0,381.0,635.0,445.0,445.0,254.0,889.0,635.0,572.0,508.0,660.0,584.0,607.0,749.0,198.0,538.0,538.0,726.0,815.0,1242.0,610.0,726.0,523.0,442.0,371.0,528.0,757.0,706.0
USC00142432,450.0,376.0,406.0,673.0,508.0,381.0,780.0,597.0,368.0,376.0,648.0,323.0,267.0,279.0,528.0,368.0,696.0,363.0,696.0,427.0,765.0,1715.0,254.0,452.0,356.0,536.0,368.0,381.0,,483.0,396.0,643.0,348.0,351.0,493.0,478.0,744.0,,,401.0,594.0,356.0,544.0,592.0,483.0,678.0,399.0,833.0,439.0,678.0,572.0,381.0,358.0,1499.0,483.0,358.0,635.0,503.0,483.0,269.0,310.0,602.0,531.0,371.0,1156.0,384.0,343.0,546.0,546.0,417.0,602.0,843.0,663.0,295.0
USC00142835,749.0,437.0,554.0,813.0,991.0,457.0,597.0,1326.0,635.0,716.0,1158.0,437.0,1295.0,843.0,706.0,516.0,932.0,559.0,754.0,721.0,521.0,770.0,711.0,1105.0,693.0,508.0,935.0,711.0,1143.0,582.0,610.0,805.0,1067.0,640.0,711.0,2184.0,462.0,729.0,1069.0,516.0,640.0,963.0,960.0,1041.0,775.0,798.0,894.0,3175.0,1143.0,638.0,,940.0,724.0,681.0,551.0,582.0,1143.0,826.0,922.0,942.0,1206.0,1232.0,1450.0,1156.0,1016.0,772.0,838.0,516.0,,,889.0,737.0,470.0,1824.0
USC00162534,1067.0,2032.0,864.0,1349.0,1016.0,762.0,1029.0,864.0,1582.0,780.0,3073.0,1209.0,1382.0,800.0,1524.0,757.0,564.0,889.0,765.0,533.0,1016.0,1270.0,777.0,940.0,589.0,660.0,1524.0,754.0,1397.0,1651.0,610.0,559.0,1219.0,1105.0,902.0,770.0,1392.0,1328.0,699.0,892.0,1059.0,1100.0,1207.0,894.0,1036.0,1930.0,1034.0,2027.0,1077.0,1336.0,1372.0,970.0,2388.0,1316.0,889.0,716.0,1173.0,838.0,945.0,1143.0,1542.0,1359.0,1285.0,1816.0,1496.0,1727.0,1875.0,1219.0,960.0,1120.0,2004.0,795.0,909.0,1560.0
USC00164674,958.0,1036.0,787.0,1872.0,1727.0,899.0,1435.0,826.0,767.0,686.0,716.0,988.0,831.0,848.0,803.0,1080.0,615.0,599.0,902.0,826.0,747.0,1384.0,1420.0,810.0,963.0,792.0,1626.0,1054.0,2578.0,1085.0,1173.0,1077.0,1806.0,2939.0,940.0,953.0,787.0,1156.0,790.0,815.0,843.0,1539.0,1730.0,627.0,884.0,1275.0,894.0,1229.0,838.0,1173.0,1003.0,1219.0,1588.0,1524.0,856.0,1130.0,1275.0,1847.0,1080.0,1610.0,907.0,958.0,1285.0,1295.0,1176.0,2223.0,1560.0,787.0,1417.0,1397.0,1499.0,777.0,597.0,1001.0
USC00170814,422.0,498.0,559.0,724.0,516.0,358.0,394.0,348.0,361.0,762.0,406.0,638.0,475.0,307.0,340.0,424.0,434.0,274.0,635.0,589.0,378.0,483.0,419.0,551.0,424.0,462.0,358.0,602.0,353.0,295.0,950.0,584.0,632.0,559.0,635.0,737.0,521.0,511.0,300.0,437.0,716.0,478.0,363.0,556.0,505.0,884.0,333.0,462.0,1069.0,488.0,505.0,351.0,345.0,447.0,658.0,732.0,526.0,549.0,892.0,424.0,632.0,757.0,523.0,549.0,406.0,511.0,462.0,437.0,345.0,462.0,452.0,800.0,876.0,587.0
USC00181790,610.0,686.0,691.0,599.0,686.0,1699.0,305.0,450.0,452.0,450.0,315.0,528.0,399.0,338.0,681.0,1097.0,668.0,549.0,505.0,480.0,704.0,,978.0,521.0,678.0,744.0,391.0,411.0,518.0,549.0,445.0,500.0,538.0,650.0,447.0,759.0,434.0,582.0,450.0,1102.0,1265.0,919.0,643.0,1158.0,485.0,838.0,1054.0,643.0,378.0,587.0,338.0,569.0,734.0,836.0,1059.0,800.0,475.0,688.0,546.0,828.0,615.0,1156.0,813.0,716.0,699.0,516.0,615.0,726.0,737.0,424.0,1021.0,622.0,650.0,437.0
USC00186620,533.0,368.0,323.0,1080.0,749.0,686.0,419.0,556.0,478.0,582.0,622.0,511.0,617.0,381.0,312.0,495.0,597.0,391.0,452.0,605.0,422.0,511.0,442.0,559.0,1118.0,569.0,450.0,864.0,325.0,559.0,406.0,630.0,,373.0,1057.0,417.0,457.0,381.0,556.0,706.0,450.0,,409.0,838.0,970.0,884.0,574.0,546.0,361.0,485.0,792.0,490.0,859.0,589.0,,498.0,643.0,2413.0,1651.0,546.0,450.0,780.0,528.0,668.0,673.0,610.0,699.0,759.0,630.0,630.0,622.0,361.0,406.0,457.0
USC00192451,437.0,820.0,1201.0,1181.0,800.0,640.0,765.0,721.0,544.0,1143.0,848.0,958.0,582.0,605.0,488.0,455.0,963.0,1298.0,757.0,897.0,399.0,1699.0,650.0,785.0,681.0,836.0,645.0,1179.0,696.0,422.0,564.0,640.0,538.0,607.0,1224.0,747.0,645.0,643.0,630.0,533.0,803.0,881.0,1049.0,681.0,831.0,1303.0,551.0,1049.0,645.0,902.0,1041.0,498.0,627.0,668.0,1146.0,762.0,747.0,1019.0,1339.0,902.0,615.0,808.0,706.0,1496.0,513.0,671.0,795.0,775.0,627.0,584.0,1674.0,554.0,508.0,711.0
USC00200146,635.0,424.0,340.0,503.0,950.0,605.0,635.0,470.0,526.0,508.0,381.0,279.0,483.0,373.0,328.0,432.0,511.0,551.0,338.0,533.0,455.0,569.0,411.0,404.0,701.0,559.0,1021.0,429.0,429.0,406.0,1026.0,401.0,457.0,605.0,526.0,2370.0,465.0,378.0,556.0,513.0,472.0,483.0,447.0,599.0,439.0,445.0,472.0,432.0,531.0,818.0,818.0,500.0,330.0,549.0,762.0,574.0,325.0,673.0,864.0,627.0,841.0,518.0,518.0,1123.0,432.0,607.0,993.0,523.0,711.0,892.0,549.0,533.0,434.0,429.0
USC00200230,724.0,376.0,12863.0,724.0,,597.0,373.0,511.0,605.0,561.0,462.0,401.0,320.0,353.0,363.0,427.0,452.0,836.0,333.0,351.0,1001.0,325.0,384.0,239.0,947.0,432.0,475.0,462.0,447.0,432.0,450.0,739.0,503.0,457.0,544.0,462.0,729.0,655.0,445.0,914.0,396.0,414.0,366.0,353.0,528.0,483.0,511.0,1153.0,538.0,805.0,566.0,399.0,391.0,556.0,615.0,607.0,427.0,528.0,673.0,671.0,709.0,249.0,465.0,406.0,508.0,638.0,432.0,417.0,445.0,602.0,937.0,417.0,729.0,787.0
USC00200718,592.0,922.0,953.0,,1417.0,396.0,1036.0,671.0,968.0,605.0,345.0,378.0,335.0,871.0,,498.0,671.0,439.0,351.0,500.0,384.0,1011.0,429.0,437.0,544.0,231.0,411.0,757.0,422.0,780.0,538.0,574.0,1148.0,389.0,523.0,495.0,318.0,485.0,361.0,427.0,478.0,584.0,320.0,533.0,457.0,411.0,434.0,561.0,427.0,526.0,295.0,406.0,538.0,569.0,457.0,617.0,518.0,325.0,345.0,617.0,411.0,572.0,439.0,495.0,516.0,478.0,518.0,686.0,439.0,594.0,353.0,495.0,439.0,320.0
USC00201468,424.0,368.0,546.0,467.0,257.0,310.0,274.0,726.0,394.0,495.0,521.0,231.0,749.0,340.0,434.0,371.0,328.0,615.0,368.0,508.0,384.0,622.0,371.0,640.0,1049.0,427.0,572.0,259.0,348.0,277.0,630.0,373.0,457.0,368.0,343.0,381.0,457.0,429.0,391.0,493.0,737.0,719.0,538.0,343.0,696.0,,411.0,472.0,318.0,500.0,1021.0,559.0,480.0,594.0,442.0,635.0,295.0,518.0,516.0,526.0,338.0,574.0,546.0,376.0,493.0,371.0,650.0,503.0,338.0,551.0,381.0,381.0,356.0,627.0
USC00201492,500.0,500.0,361.0,528.0,282.0,353.0,401.0,279.0,780.0,368.0,632.0,284.0,328.0,495.0,348.0,300.0,406.0,610.0,363.0,564.0,808.0,439.0,335.0,493.0,470.0,183.0,318.0,452.0,500.0,732.0,460.0,419.0,505.0,460.0,528.0,424.0,381.0,815.0,366.0,538.0,531.0,572.0,584.0,533.0,701.0,292.0,559.0,554.0,318.0,345.0,1138.0,734.0,513.0,544.0,513.0,686.0,249.0,419.0,742.0,658.0,597.0,625.0,607.0,414.0,262.0,368.0,422.0,597.0,508.0,630.0,508.0,411.0,513.0,376.0
USC00203391,523.0,627.0,826.0,549.0,262.0,622.0,775.0,368.0,1074.0,508.0,533.0,333.0,546.0,394.0,1275.0,508.0,472.0,419.0,399.0,538.0,348.0,559.0,559.0,528.0,914.0,333.0,498.0,462.0,762.0,399.0,549.0,762.0,660.0,1143.0,432.0,427.0,559.0,556.0,445.0,465.0,762.0,409.0,602.0,770.0,396.0,594.0,361.0,523.0,653.0,470.0,610.0,269.0,500.0,467.0,564.0,673.0,747.0,965.0,389.0,597.0,500.0,330.0,363.0,401.0,462.0,284.0,795.0,345.0,320.0,467.0,434.0,389.0,323.0,508.0
USC00204090,960.0,457.0,434.0,419.0,269.0,490.0,488.0,498.0,20323.0,523.0,376.0,589.0,361.0,630.0,531.0,460.0,472.0,467.0,307.0,531.0,394.0,584.0,396.0,378.0,732.0,719.0,368.0,478.0,655.0,549.0,716.0,968.0,686.0,409.0,467.0,561.0,394.0,356.0,351.0,681.0,513.0,439.0,457.0,351.0,653.0,424.0,406.0,605.0,1029.0,577.0,305.0,414.0,417.0,508.0,691.0,612.0,485.0,269.0,361.0,701.0,643.0,290.0,340.0,607.0,457.0,516.0,498.0,800.0,376.0,589.0,295.0,465.0,498.0,396.0
USC00204502,373.0,490.0,414.0,843.0,693.0,605.0,1720.0,411.0,493.0,538.0,599.0,404.0,335.0,546.0,686.0,518.0,399.0,267.0,810.0,442.0,267.0,411.0,323.0,450.0,635.0,411.0,335.0,483.0,721.0,414.0,683.0,457.0,533.0,320.0,478.0,541.0,640.0,559.0,648.0,691.0,871.0,607.0,612.0,813.0,394.0,772.0,371.0,521.0,434.0,338.0,658.0,244.0,597.0,394.0,500.0,478.0,368.0,1293.0,389.0,513.0,460.0,1013.0,714.0,594.0,422.0,455.0,699.0,404.0,467.0,541.0,457.0,610.0,236.0,572.0
USC00205065,574.0,574.0,368.0,592.0,277.0,290.0,351.0,282.0,838.0,462.0,625.0,307.0,582.0,381.0,599.0,523.0,376.0,394.0,991.0,681.0,368.0,475.0,599.0,399.0,762.0,376.0,406.0,696.0,447.0,254.0,599.0,932.0,427.0,632.0,521.0,724.0,579.0,521.0,610.0,516.0,508.0,429.0,536.0,528.0,531.0,754.0,318.0,592.0,452.0,462.0,617.0,284.0,643.0,437.0,983.0,1313.0,503.0,1781.0,460.0,622.0,429.0,775.0,432.0,706.0,508.0,483.0,538.0,490.0,1288.0,485.0,549.0,813.0,432.0,533.0
USC00207812,696.0,597.0,846.0,406.0,351.0,521.0,373.0,587.0,704.0,790.0,307.0,279.0,699.0,528.0,462.0,823.0,465.0,318.0,460.0,691.0,274.0,1105.0,442.0,323.0,417.0,315.0,714.0,744.0,513.0,579.0,940.0,653.0,747.0,447.0,467.0,523.0,498.0,521.0,315.0,396.0,,284.0,356.0,356.0,483.0,518.0,343.0,508.0,1321.0,612.0,635.0,381.0,363.0,361.0,777.0,401.0,363.0,462.0,363.0,759.0,533.0,406.0,518.0,475.0,627.0,787.0,869.0,894.0,422.0,739.0,490.0,351.0,323.0,348.0
USC00208417,483.0,335.0,330.0,351.0,318.0,411.0,320.0,366.0,381.0,432.0,864.0,391.0,640.0,323.0,429.0,406.0,386.0,361.0,478.0,579.0,546.0,678.0,396.0,691.0,653.0,582.0,257.0,478.0,434.0,356.0,437.0,371.0,528.0,483.0,333.0,345.0,495.0,411.0,203.0,409.0,630.0,333.0,1016.0,556.0,635.0,297.0,373.0,381.0,439.0,584.0,569.0,744.0,386.0,503.0,574.0,284.0,533.0,500.0,312.0,483.0,424.0,401.0,589.0,343.0,318.0,378.0,587.0,488.0,485.0,897.0,269.0,290.0,531.0,450.0
USC00210287,2908.0,579.0,462.0,457.0,762.0,406.0,907.0,343.0,488.0,536.0,356.0,511.0,478.0,653.0,813.0,838.0,495.0,394.0,826.0,432.0,754.0,478.0,617.0,386.0,607.0,394.0,483.0,691.0,439.0,315.0,818.0,622.0,490.0,378.0,640.0,594.0,175.0,419.0,589.0,630.0,584.0,724.0,800.0,384.0,513.0,635.0,660.0,843.0,531.0,754.0,592.0,650.0,305.0,384.0,615.0,909.0,498.0,612.0,467.0,475.0,429.0,528.0,1247.0,594.0,605.0,678.0,,513.0,693.0,490.0,963.0,465.0,864.0,574.0
USC00211691,554.0,706.0,864.0,726.0,345.0,513.0,899.0,1031.0,701.0,805.0,307.0,1483.0,478.0,427.0,472.0,391.0,404.0,582.0,536.0,381.0,843.0,376.0,465.0,607.0,607.0,368.0,1062.0,452.0,432.0,602.0,765.0,622.0,823.0,569.0,650.0,815.0,338.0,470.0,328.0,439.0,787.0,378.0,518.0,356.0,886.0,493.0,579.0,485.0,460.0,447.0,653.0,1186.0,599.0,513.0,775.0,495.0,732.0,442.0,655.0,815.0,594.0,445.0,572.0,546.0,699.0,508.0,427.0,434.0,572.0,546.0,648.0,1270.0,541.0,716.0
USC00213303,673.0,559.0,978.0,249.0,798.0,483.0,396.0,546.0,607.0,762.0,559.0,439.0,406.0,706.0,635.0,394.0,297.0,381.0,495.0,356.0,853.0,445.0,1128.0,818.0,356.0,478.0,495.0,1057.0,676.0,645.0,472.0,419.0,1110.0,455.0,526.0,439.0,765.0,772.0,579.0,404.0,287.0,693.0,493.0,754.0,683.0,485.0,511.0,419.0,597.0,414.0,427.0,1143.0,351.0,864.0,615.0,460.0,521.0,480.0,691.0,467.0,424.0,1214.0,302.0,544.0,432.0,688.0,389.0,439.0,691.0,1059.0,787.0,780.0,312.0,983.0
USC00214652,818.0,851.0,521.0,1783.0,881.0,234.0,422.0,406.0,975.0,376.0,762.0,673.0,356.0,574.0,488.0,478.0,358.0,526.0,846.0,335.0,617.0,495.0,787.0,366.0,1346.0,467.0,495.0,841.0,665.0,770.0,475.0,493.0,909.0,465.0,513.0,366.0,445.0,554.0,622.0,429.0,409.0,632.0,907.0,363.0,584.0,445.0,411.0,627.0,683.0,864.0,325.0,648.0,424.0,612.0,602.0,267.0,691.0,345.0,262.0,508.0,361.0,831.0,351.0,668.0,361.0,630.0,302.0,787.0,622.0,630.0,483.0,505.0,310.0,559.0
USC00216565,399.0,645.0,1074.0,490.0,940.0,800.0,1570.0,472.0,366.0,671.0,607.0,673.0,394.0,208.0,732.0,483.0,744.0,706.0,782.0,470.0,1194.0,622.0,777.0,605.0,338.0,213.0,483.0,384.0,564.0,864.0,488.0,584.0,538.0,465.0,511.0,734.0,404.0,475.0,1181.0,607.0,356.0,508.0,897.0,879.0,465.0,432.0,472.0,511.0,569.0,610.0,813.0,889.0,864.0,584.0,805.0,457.0,363.0,566.0,470.0,1146.0,605.0,919.0,752.0,554.0,693.0,472.0,678.0,737.0,1092.0,373.0,894.0,381.0,404.0,470.0
USC00221707,940.0,777.0,643.0,498.0,1128.0,770.0,912.0,942.0,991.0,650.0,681.0,508.0,597.0,686.0,864.0,1466.0,833.0,838.0,615.0,965.0,660.0,1257.0,1148.0,1067.0,1191.0,500.0,833.0,894.0,699.0,1511.0,955.0,1153.0,1082.0,1542.0,445.0,988.0,1242.0,498.0,1440.0,871.0,1252.0,1168.0,635.0,724.0,927.0,790.0,612.0,483.0,1092.0,1397.0,,1016.0,942.0,795.0,572.0,1908.0,914.0,1669.0,635.0,635.0,635.0,533.0,1080.0,724.0,495.0,1265.0,749.0,610.0,660.0,610.0,,,635.0,533.0
USC00224966,1219.0,508.0,749.0,782.0,1143.0,1163.0,1367.0,772.0,,1351.0,1511.0,1613.0,437.0,820.0,1041.0,696.0,1270.0,899.0,876.0,533.0,752.0,1288.0,909.0,1186.0,1735.0,592.0,1008.0,2065.0,1722.0,1935.0,1915.0,1059.0,2888.0,919.0,1285.0,1019.0,734.0,1153.0,1080.0,1405.0,1031.0,1346.0,1651.0,742.0,1199.0,1969.0,1364.0,1981.0,950.0,871.0,1943.0,1189.0,993.0,988.0,1593.0,846.0,1267.0,599.0,2512.0,886.0,1120.0,2101.0,813.0,1120.0,1062.0,820.0,1214.0,1148.0,1026.0,1179.0,1463.0,902.0,792.0,1011.0
USC00240780,262.0,277.0,310.0,206.0,277.0,203.0,635.0,318.0,262.0,310.0,315.0,406.0,170.0,376.0,427.0,203.0,511.0,434.0,813.0,378.0,373.0,376.0,229.0,508.0,399.0,343.0,272.0,272.0,389.0,391.0,511.0,335.0,505.0,170.0,206.0,503.0,330.0,406.0,394.0,335.0,203.0,792.0,467.0,790.0,203.0,239.0,460.0,533.0,284.0,312.0,483.0,1016.0,411.0,419.0,389.0,432.0,251.0,401.0,323.0,348.0,577.0,147.0,335.0,432.0,470.0,241.0,411.0,493.0,351.0,269.0,188.0,356.0,455.0,726.0
USC00240802,226.0,528.0,564.0,165.0,386.0,170.0,546.0,287.0,229.0,196.0,373.0,312.0,310.0,465.0,422.0,345.0,493.0,488.0,676.0,241.0,353.0,368.0,305.0,747.0,356.0,272.0,175.0,688.0,180.0,419.0,422.0,488.0,2540.0,183.0,208.0,244.0,305.0,305.0,279.0,262.0,483.0,254.0,584.0,325.0,445.0,279.0,762.0,356.0,363.0,224.0,437.0,290.0,201.0,401.0,460.0,340.0,508.0,437.0,262.0,279.0,511.0,190.0,386.0,221.0,178.0,508.0,330.0,371.0,279.0,470.0,198.0,310.0,757.0,465.0
USC00241044,389.0,523.0,378.0,300.0,279.0,224.0,287.0,221.0,323.0,180.0,241.0,368.0,246.0,338.0,351.0,287.0,264.0,262.0,478.0,323.0,335.0,216.0,249.0,264.0,318.0,259.0,295.0,399.0,485.0,488.0,432.0,333.0,394.0,389.0,188.0,206.0,234.0,681.0,251.0,272.0,305.0,561.0,521.0,460.0,269.0,264.0,366.0,254.0,175.0,180.0,582.0,475.0,231.0,373.0,216.0,414.0,272.0,191.0,411.0,216.0,231.0,165.0,391.0,274.0,206.0,191.0,363.0,368.0,251.0,165.0,345.0,287.0,257.0,376.0
USC00242122,178.0,274.0,399.0,239.0,406.0,351.0,180.0,318.0,229.0,330.0,366.0,551.0,630.0,231.0,584.0,297.0,414.0,544.0,356.0,290.0,361.0,597.0,389.0,366.0,,1240.0,231.0,406.0,427.0,274.0,665.0,302.0,290.0,170.0,163.0,333.0,290.0,351.0,381.0,274.0,480.0,503.0,391.0,422.0,290.0,363.0,605.0,688.0,406.0,607.0,508.0,246.0,437.0,427.0,323.0,587.0,508.0,254.0,437.0,457.0,688.0,343.0,419.0,257.0,323.0,272.0,439.0,340.0,671.0,244.0,259.0,419.0,340.0,236.0
USC00242793,160.0,267.0,216.0,196.0,165.0,239.0,259.0,231.0,544.0,124.0,251.0,254.0,173.0,206.0,150.0,254.0,264.0,183.0,673.0,185.0,269.0,244.0,239.0,168.0,330.0,356.0,307.0,198.0,312.0,353.0,345.0,206.0,257.0,213.0,178.0,208.0,330.0,305.0,241.0,201.0,218.0,279.0,483.0,358.0,335.0,191.0,295.0,254.0,147.0,163.0,495.0,384.0,269.0,251.0,234.0,272.0,363.0,224.0,193.0,284.0,185.0,239.0,244.0,267.0,290.0,226.0,307.0,295.0,229.0,414.0,406.0,315.0,201.0,147.0
USC00243013,254.0,165.0,396.0,404.0,262.0,211.0,318.0,371.0,196.0,168.0,279.0,800.0,203.0,373.0,277.0,229.0,434.0,569.0,391.0,399.0,356.0,483.0,424.0,333.0,551.0,224.0,254.0,439.0,391.0,249.0,414.0,381.0,191.0,175.0,279.0,335.0,381.0,523.0,224.0,345.0,234.0,673.0,356.0,318.0,312.0,269.0,330.0,363.0,221.0,155.0,462.0,249.0,480.0,203.0,191.0,203.0,292.0,432.0,191.0,274.0,508.0,457.0,,1143.0,254.0,394.0,305.0,279.0,559.0,404.0,201.0,254.0,292.0,1153.0
USC00243581,264.0,224.0,419.0,409.0,196.0,678.0,236.0,277.0,173.0,485.0,572.0,574.0,422.0,574.0,460.0,178.0,284.0,340.0,467.0,328.0,625.0,318.0,584.0,259.0,290.0,307.0,208.0,391.0,160.0,716.0,201.0,450.0,254.0,198.0,279.0,526.0,277.0,213.0,749.0,599.0,401.0,432.0,472.0,432.0,442.0,394.0,432.0,282.0,432.0,432.0,335.0,267.0,224.0,351.0,310.0,279.0,312.0,411.0,363.0,701.0,772.0,462.0,462.0,762.0,411.0,282.0,267.0,406.0,561.0,330.0,297.0,485.0,330.0,333.0
USC00246157,328.0,518.0,300.0,213.0,193.0,315.0,584.0,480.0,577.0,279.0,396.0,401.0,257.0,277.0,493.0,338.0,338.0,208.0,564.0,335.0,264.0,328.0,478.0,394.0,450.0,345.0,295.0,599.0,462.0,561.0,475.0,297.0,229.0,259.0,257.0,224.0,457.0,483.0,432.0,211.0,279.0,457.0,371.0,381.0,419.0,312.0,323.0,531.0,257.0,305.0,478.0,373.0,244.0,318.0,279.0,363.0,381.0,292.0,173.0,411.0,340.0,249.0,356.0,351.0,406.0,475.0,432.0,495.0,300.0,318.0,335.0,457.0,282.0,363.0
USC00250050,665.0,505.0,681.0,417.0,526.0,381.0,541.0,488.0,572.0,688.0,478.0,1257.0,533.0,277.0,450.0,267.0,765.0,417.0,399.0,635.0,602.0,732.0,701.0,620.0,366.0,345.0,693.0,757.0,556.0,338.0,864.0,452.0,841.0,544.0,536.0,686.0,394.0,770.0,142.0,561.0,569.0,330.0,582.0,521.0,676.0,574.0,902.0,488.0,653.0,726.0,424.0,257.0,518.0,384.0,447.0,660.0,955.0,528.0,429.0,569.0,917.0,257.0,356.0,744.0,386.0,607.0,638.0,589.0,1110.0,523.0,594.0,526.0,714.0,942.0
USC00250365,345.0,381.0,622.0,495.0,716.0,343.0,541.0,554.0,318.0,343.0,455.0,490.0,305.0,503.0,513.0,846.0,394.0,508.0,584.0,368.0,312.0,381.0,419.0,711.0,495.0,467.0,429.0,363.0,498.0,483.0,566.0,381.0,394.0,470.0,391.0,318.0,422.0,559.0,508.0,465.0,787.0,381.0,871.0,508.0,432.0,406.0,406.0,508.0,432.0,559.0,648.0,323.0,229.0,335.0,419.0,318.0,406.0,445.0,356.0,495.0,813.0,406.0,432.0,876.0,498.0,483.0,358.0,630.0,338.0,318.0,610.0,305.0,622.0,445.0
USC00250945,599.0,,,445.0,368.0,460.0,879.0,488.0,411.0,726.0,485.0,404.0,917.0,693.0,655.0,732.0,485.0,665.0,343.0,307.0,676.0,533.0,518.0,429.0,427.0,638.0,437.0,467.0,592.0,414.0,432.0,701.0,706.0,660.0,980.0,447.0,551.0,335.0,620.0,493.0,503.0,940.0,478.0,665.0,569.0,592.0,371.0,541.0,1072.0,602.0,577.0,495.0,622.0,668.0,572.0,617.0,592.0,853.0,371.0,1008.0,442.0,257.0,884.0,719.0,315.0,632.0,577.0,841.0,686.0,320.0,838.0,305.0,371.0,422.0
USC00252020,792.0,909.0,909.0,1003.0,318.0,635.0,589.0,737.0,582.0,472.0,584.0,561.0,1285.0,478.0,691.0,886.0,777.0,716.0,820.0,533.0,427.0,452.0,1105.0,399.0,475.0,472.0,757.0,447.0,851.0,859.0,1181.0,729.0,478.0,655.0,582.0,767.0,752.0,551.0,627.0,699.0,333.0,541.0,686.0,521.0,483.0,752.0,721.0,635.0,,508.0,686.0,1019.0,902.0,762.0,678.0,544.0,,813.0,432.0,498.0,803.0,874.0,,1285.0,2057.0,673.0,724.0,711.0,660.0,691.0,800.0,419.0,808.0,302.0
USC00252595,483.0,475.0,660.0,488.0,236.0,386.0,1384.0,650.0,622.0,762.0,597.0,432.0,490.0,490.0,660.0,1300.0,665.0,597.0,,386.0,531.0,744.0,582.0,450.0,658.0,439.0,716.0,1163.0,478.0,460.0,914.0,503.0,467.0,475.0,495.0,419.0,622.0,419.0,528.0,889.0,358.0,1184.0,645.0,584.0,988.0,592.0,373.0,777.0,544.0,897.0,864.0,526.0,526.0,732.0,904.0,493.0,1008.0,465.0,688.0,533.0,457.0,1039.0,508.0,584.0,673.0,953.0,508.0,427.0,445.0,254.0,475.0,724.0,826.0,648.0
USC00253365,445.0,371.0,264.0,328.0,224.0,358.0,607.0,318.0,343.0,452.0,472.0,899.0,478.0,561.0,470.0,650.0,442.0,638.0,572.0,643.0,363.0,310.0,610.0,460.0,688.0,635.0,1072.0,630.0,485.0,348.0,,,457.0,658.0,483.0,373.0,831.0,1588.0,470.0,587.0,643.0,419.0,762.0,419.0,475.0,508.0,526.0,356.0,432.0,635.0,490.0,457.0,411.0,488.0,452.0,348.0,909.0,1354.0,483.0,899.0,445.0,470.0,899.0,765.0,396.0,673.0,909.0,411.0,579.0,439.0,610.0,312.0,462.0,483.0
USC00253605,325.0,361.0,589.0,325.0,495.0,300.0,704.0,188.0,302.0,307.0,335.0,351.0,457.0,378.0,404.0,249.0,411.0,226.0,338.0,353.0,399.0,302.0,478.0,330.0,249.0,297.0,396.0,241.0,323.0,178.0,287.0,437.0,363.0,335.0,216.0,699.0,257.0,584.0,201.0,269.0,394.0,241.0,333.0,376.0,267.0,338.0,467.0,465.0,279.0,290.0,279.0,320.0,391.0,485.0,749.0,632.0,376.0,394.0,330.0,335.0,366.0,216.0,617.0,330.0,549.0,373.0,292.0,417.0,505.0,208.0,500.0,211.0,414.0,196.0
USC00254335,701.0,932.0,417.0,688.0,658.0,508.0,704.0,714.0,605.0,500.0,485.0,653.0,290.0,767.0,655.0,315.0,1138.0,726.0,831.0,396.0,498.0,1034.0,767.0,488.0,798.0,569.0,490.0,660.0,523.0,516.0,300.0,483.0,584.0,762.0,617.0,693.0,813.0,429.0,1511.0,724.0,508.0,381.0,721.0,559.0,605.0,645.0,513.0,676.0,620.0,541.0,518.0,478.0,351.0,498.0,683.0,856.0,622.0,831.0,335.0,404.0,805.0,406.0,579.0,810.0,610.0,1016.0,406.0,450.0,1280.0,762.0,1049.0,389.0,1024.0,724.0
USC00257830,353.0,445.0,330.0,495.0,648.0,411.0,826.0,396.0,546.0,396.0,483.0,500.0,368.0,396.0,991.0,584.0,249.0,594.0,348.0,663.0,356.0,328.0,269.0,437.0,378.0,432.0,338.0,328.0,396.0,236.0,386.0,572.0,262.0,150.0,330.0,724.0,279.0,533.0,419.0,396.0,386.0,318.0,373.0,330.0,742.0,406.0,589.0,427.0,432.0,495.0,615.0,368.0,378.0,315.0,681.0,457.0,368.0,305.0,,340.0,376.0,325.0,1069.0,584.0,533.0,376.0,462.0,483.0,353.0,178.0,762.0,229.0,442.0,284.0
USC00265168,234.0,241.0,76.0,221.0,191.0,236.0,191.0,191.0,119.0,104.0,127.0,170.0,191.0,241.0,208.0,165.0,124.0,142.0,196.0,137.0,206.0,640.0,241.0,259.0,112.0,178.0,193.0,224.0,170.0,396.0,264.0,267.0,114.0,97.0,358.0,112.0,140.0,274.0,307.0,282.0,107.0,236.0,170.0,267.0,226.0,198.0,325.0,335.0,97.0,239.0,211.0,107.0,254.0,175.0,229.0,122.0,191.0,,381.0,615.0,203.0,163.0,173.0,117.0,142.0,229.0,,279.0,127.0,130.0,229.0,254.0,381.0,89.0
USC00272999,378.0,559.0,432.0,442.0,411.0,401.0,343.0,445.0,732.0,556.0,384.0,333.0,427.0,269.0,320.0,434.0,312.0,279.0,378.0,457.0,267.0,320.0,434.0,399.0,500.0,439.0,488.0,602.0,368.0,511.0,457.0,401.0,381.0,389.0,427.0,521.0,376.0,536.0,307.0,820.0,617.0,429.0,330.0,356.0,351.0,315.0,406.0,490.0,719.0,432.0,546.0,478.0,406.0,467.0,610.0,523.0,452.0,564.0,511.0,574.0,823.0,914.0,358.0,434.0,475.0,411.0,505.0,371.0,391.0,386.0,351.0,617.0,800.0,1148.0
USC00290600,495.0,300.0,330.0,450.0,368.0,292.0,178.0,427.0,340.0,686.0,163.0,320.0,295.0,267.0,216.0,1097.0,,455.0,559.0,475.0,711.0,559.0,239.0,953.0,229.0,272.0,584.0,729.0,848.0,792.0,399.0,513.0,411.0,371.0,589.0,574.0,264.0,676.0,231.0,221.0,861.0,335.0,180.0,335.0,284.0,218.0,439.0,251.0,536.0,424.0,318.0,513.0,635.0,826.0,277.0,363.0,325.0,429.0,577.0,508.0,368.0,328.0,538.0,498.0,483.0,483.0,300.0,480.0,864.0,495.0,427.0,638.0,254.0,203.0
USC00290692,175.0,338.0,351.0,300.0,340.0,173.0,185.0,170.0,244.0,216.0,287.0,229.0,180.0,185.0,206.0,297.0,188.0,193.0,234.0,366.0,180.0,221.0,152.0,284.0,297.0,356.0,170.0,213.0,300.0,249.0,307.0,163.0,150.0,208.0,180.0,295.0,229.0,279.0,168.0,203.0,175.0,246.0,267.0,226.0,185.0,257.0,348.0,257.0,279.0,226.0,203.0,414.0,279.0,292.0,203.0,135.0,229.0,213.0,269.0,137.0,234.0,127.0,381.0,173.0,678.0,318.0,282.0,130.0,290.0,,229.0,305.0,178.0,297.0
USC00291138,307.0,206.0,279.0,180.0,216.0,152.0,244.0,439.0,198.0,193.0,414.0,180.0,290.0,427.0,406.0,422.0,419.0,216.0,262.0,300.0,170.0,483.0,287.0,239.0,231.0,155.0,389.0,279.0,363.0,368.0,165.0,188.0,208.0,269.0,323.0,610.0,178.0,333.0,1044.0,254.0,434.0,330.0,318.0,422.0,310.0,503.0,361.0,221.0,394.0,363.0,432.0,269.0,333.0,272.0,373.0,792.0,246.0,241.0,,277.0,196.0,279.0,696.0,338.0,305.0,381.0,343.0,724.0,1524.0,295.0,381.0,279.0,511.0,500.0
USC00291664,432.0,330.0,,264.0,224.0,155.0,406.0,363.0,318.0,218.0,292.0,282.0,272.0,279.0,366.0,472.0,363.0,241.0,292.0,295.0,295.0,338.0,175.0,315.0,417.0,185.0,267.0,340.0,414.0,472.0,229.0,330.0,500.0,445.0,366.0,325.0,234.0,361.0,312.0,511.0,373.0,320.0,513.0,401.0,503.0,211.0,546.0,259.0,384.0,495.0,259.0,610.0,536.0,343.0,536.0,254.0,523.0,584.0,300.0,290.0,272.0,246.0,414.0,226.0,373.0,229.0,348.0,170.0,467.0,655.0,,343.0,244.0,356.0
USC00301966,419.0,419.0,480.0,589.0,292.0,564.0,516.0,556.0,307.0,508.0,340.0,533.0,259.0,318.0,422.0,262.0,310.0,406.0,401.0,864.0,396.0,437.0,411.0,302.0,335.0,381.0,711.0,371.0,523.0,452.0,376.0,381.0,442.0,612.0,345.0,330.0,452.0,762.0,559.0,351.0,330.0,493.0,457.0,493.0,785.0,925.0,533.0,709.0,1156.0,584.0,376.0,495.0,445.0,508.0,711.0,259.0,765.0,330.0,277.0,704.0,838.0,610.0,775.0,406.0,472.0,635.0,546.0,533.0,508.0,399.0,521.0,419.0,513.0,457.0
USC00309000,394.0,686.0,508.0,617.0,533.0,516.0,478.0,493.0,599.0,348.0,366.0,871.0,597.0,373.0,284.0,406.0,566.0,409.0,389.0,846.0,401.0,511.0,493.0,455.0,1181.0,605.0,767.0,508.0,516.0,577.0,749.0,391.0,290.0,368.0,381.0,411.0,554.0,368.0,559.0,371.0,424.0,747.0,511.0,559.0,513.0,566.0,495.0,610.0,889.0,635.0,724.0,589.0,678.0,419.0,770.0,330.0,373.0,533.0,427.0,800.0,640.0,909.0,391.0,419.0,470.0,676.0,1001.0,389.0,455.0,401.0,1001.0,711.0,467.0,838.0
USC00312635,411.0,665.0,851.0,787.0,1588.0,838.0,498.0,889.0,635.0,1321.0,546.0,866.0,762.0,1067.0,1681.0,699.0,1031.0,640.0,1021.0,699.0,1067.0,513.0,1041.0,876.0,597.0,615.0,953.0,584.0,635.0,511.0,541.0,953.0,1361.0,856.0,1448.0,991.0,660.0,673.0,965.0,495.0,1080.0,572.0,546.0,1156.0,953.0,1400.0,533.0,559.0,1143.0,1158.0,864.0,660.0,1969.0,546.0,1549.0,1285.0,622.0,577.0,1186.0,1242.0,2746.0,826.0,673.0,749.0,1026.0,2159.0,592.0,724.0,1181.0,940.0,759.0,1161.0,681.0,1087.0
USC00313638,729.0,716.0,742.0,752.0,1074.0,813.0,772.0,572.0,531.0,589.0,655.0,566.0,544.0,874.0,1069.0,1003.0,871.0,475.0,965.0,638.0,988.0,564.0,,1067.0,729.0,724.0,1016.0,876.0,1161.0,676.0,1133.0,940.0,724.0,780.0,965.0,1720.0,711.0,516.0,607.0,765.0,658.0,886.0,714.0,465.0,922.0,1044.0,1148.0,1930.0,2731.0,607.0,627.0,1422.0,1379.0,1283.0,765.0,1448.0,759.0,589.0,813.0,1313.0,2560.0,643.0,640.0,1003.0,1130.0,2057.0,853.0,1372.0,792.0,1118.0,813.0,864.0,592.0,1278.0
USC00320382,409.0,409.0,411.0,287.0,399.0,561.0,556.0,836.0,472.0,617.0,432.0,483.0,582.0,940.0,312.0,1006.0,292.0,615.0,876.0,259.0,734.0,348.0,457.0,279.0,307.0,503.0,323.0,551.0,493.0,569.0,653.0,323.0,356.0,432.0,323.0,404.0,475.0,236.0,686.0,389.0,777.0,589.0,533.0,554.0,533.0,500.0,432.0,635.0,363.0,404.0,411.0,528.0,445.0,475.0,470.0,368.0,559.0,592.0,391.0,572.0,272.0,320.0,584.0,490.0,627.0,559.0,864.0,673.0,406.0,356.0,318.0,445.0,592.0,358.0
USC00320941,792.0,305.0,414.0,605.0,859.0,569.0,300.0,292.0,729.0,612.0,193.0,493.0,508.0,282.0,442.0,373.0,277.0,1016.0,500.0,417.0,630.0,638.0,1278.0,663.0,711.0,351.0,536.0,287.0,229.0,635.0,351.0,406.0,376.0,366.0,653.0,246.0,533.0,315.0,503.0,747.0,351.0,211.0,277.0,391.0,411.0,363.0,328.0,1062.0,404.0,318.0,671.0,706.0,363.0,302.0,638.0,414.0,432.0,610.0,318.0,526.0,399.0,396.0,658.0,919.0,699.0,429.0,315.0,257.0,686.0,566.0,851.0,579.0,274.0,442.0
USC00331072,318.0,378.0,726.0,394.0,531.0,432.0,754.0,785.0,759.0,310.0,384.0,457.0,447.0,508.0,373.0,737.0,320.0,505.0,533.0,693.0,716.0,574.0,1377.0,513.0,922.0,620.0,424.0,340.0,744.0,419.0,1648.0,442.0,638.0,640.0,381.0,472.0,869.0,338.0,554.0,780.0,909.0,417.0,363.0,452.0,493.0,508.0,490.0,648.0,325.0,551.0,323.0,599.0,648.0,351.0,561.0,452.0,2205.0,559.0,391.0,798.0,668.0,678.0,688.0,635.0,607.0,348.0,579.0,508.0,584.0,488.0,914.0,767.0,752.0,419.0
USC00340292,612.0,770.0,681.0,767.0,447.0,478.0,,625.0,838.0,500.0,645.0,691.0,472.0,838.0,533.0,546.0,1867.0,587.0,927.0,765.0,627.0,582.0,1069.0,1199.0,1019.0,747.0,950.0,526.0,676.0,1069.0,,767.0,511.0,790.0,864.0,549.0,1318.0,693.0,925.0,864.0,1080.0,599.0,1570.0,726.0,1036.0,762.0,1003.0,681.0,516.0,826.0,716.0,645.0,648.0,780.0,742.0,864.0,640.0,729.0,1321.0,876.0,716.0,643.0,699.0,701.0,2738.0,940.0,417.0,1092.0,711.0,1641.0,513.0,640.0,902.0,950.0
USC00351946,1171.0,1374.0,635.0,503.0,617.0,1128.0,2997.0,617.0,561.0,627.0,648.0,549.0,673.0,564.0,1811.0,853.0,554.0,826.0,427.0,653.0,1125.0,927.0,691.0,787.0,462.0,620.0,564.0,800.0,800.0,681.0,505.0,6858.0,699.0,582.0,706.0,683.0,516.0,719.0,541.0,610.0,635.0,749.0,546.0,594.0,630.0,1077.0,884.0,610.0,528.0,452.0,455.0,450.0,495.0,528.0,1036.0,1118.0,889.0,513.0,450.0,762.0,632.0,965.0,1003.0,635.0,1196.0,1981.0,541.0,775.0,699.0,640.0,465.0,439.0,505.0,635.0
USC00353827,185.0,203.0,236.0,229.0,211.0,272.0,521.0,201.0,203.0,191.0,178.0,185.0,267.0,130.0,226.0,302.0,137.0,140.0,241.0,185.0,234.0,396.0,196.0,157.0,218.0,180.0,173.0,323.0,234.0,269.0,452.0,320.0,262.0,234.0,384.0,155.0,234.0,485.0,234.0,152.0,201.0,216.0,216.0,312.0,196.0,432.0,429.0,183.0,165.0,216.0,163.0,163.0,130.0,183.0,157.0,203.0,307.0,284.0,183.0,150.0,511.0,279.0,135.0,234.0,160.0,188.0,152.0,292.0,157.0,211.0,140.0,279.0,157.0,381.0
USC00360475,414.0,500.0,452.0,805.0,419.0,820.0,432.0,704.0,371.0,516.0,401.0,381.0,467.0,645.0,429.0,366.0,467.0,460.0,470.0,635.0,434.0,622.0,653.0,762.0,551.0,478.0,432.0,363.0,406.0,419.0,490.0,422.0,386.0,414.0,813.0,442.0,422.0,376.0,356.0,533.0,493.0,851.0,437.0,508.0,236.0,442.0,500.0,597.0,640.0,500.0,498.0,394.0,368.0,848.0,559.0,411.0,457.0,508.0,826.0,584.0,1034.0,,508.0,345.0,523.0,914.0,503.0,1074.0,584.0,846.0,688.0,549.0,429.0,508.0
USC00363028,432.0,445.0,610.0,1016.0,622.0,602.0,559.0,597.0,785.0,417.0,351.0,373.0,399.0,765.0,399.0,422.0,447.0,546.0,508.0,399.0,429.0,508.0,508.0,338.0,495.0,368.0,775.0,513.0,434.0,721.0,1143.0,541.0,932.0,455.0,531.0,406.0,559.0,599.0,572.0,648.0,305.0,716.0,462.0,1346.0,716.0,1250.0,353.0,686.0,559.0,528.0,594.0,693.0,,,551.0,1016.0,356.0,417.0,422.0,526.0,566.0,381.0,559.0,559.0,521.0,404.0,716.0,699.0,495.0,366.0,673.0,683.0,419.0,490.0
USC00380506,635.0,889.0,1143.0,635.0,1041.0,711.0,483.0,762.0,1270.0,645.0,777.0,767.0,739.0,1537.0,1184.0,709.0,1778.0,678.0,787.0,869.0,955.0,556.0,828.0,894.0,930.0,818.0,1097.0,1130.0,945.0,737.0,940.0,686.0,686.0,876.0,968.0,914.0,889.0,711.0,1270.0,1003.0,711.0,762.0,711.0,1361.0,889.0,940.0,876.0,1461.0,648.0,610.0,493.0,757.0,914.0,1476.0,800.0,767.0,627.0,538.0,640.0,549.0,516.0,533.0,663.0,610.0,1295.0,1113.0,635.0,889.0,584.0,678.0,622.0,533.0,584.0,1143.0
USC00382260,864.0,1118.0,851.0,1308.0,470.0,584.0,660.0,559.0,953.0,762.0,622.0,762.0,622.0,775.0,660.0,572.0,660.0,660.0,521.0,737.0,1067.0,432.0,1270.0,533.0,826.0,1054.0,737.0,533.0,1410.0,559.0,660.0,483.0,625.0,569.0,813.0,574.0,521.0,747.0,719.0,1250.0,734.0,1196.0,589.0,686.0,1186.0,584.0,676.0,610.0,724.0,526.0,544.0,635.0,508.0,1311.0,782.0,787.0,559.0,787.0,521.0,831.0,787.0,508.0,615.0,813.0,1763.0,1270.0,559.0,1664.0,917.0,1661.0,699.0,851.0,1219.0,876.0
USC00390043,470.0,292.0,686.0,747.0,284.0,406.0,386.0,241.0,559.0,630.0,394.0,531.0,541.0,617.0,808.0,749.0,399.0,495.0,544.0,419.0,411.0,419.0,508.0,927.0,368.0,282.0,640.0,615.0,488.0,699.0,665.0,617.0,442.0,452.0,447.0,434.0,432.0,724.0,371.0,363.0,409.0,424.0,495.0,409.0,775.0,734.0,523.0,909.0,676.0,345.0,594.0,363.0,455.0,782.0,488.0,498.0,711.0,549.0,335.0,381.0,1397.0,315.0,414.0,429.0,620.0,696.0,927.0,841.0,851.0,653.0,356.0,699.0,1080.0,536.0
USC00391972,406.0,401.0,411.0,439.0,838.0,376.0,404.0,399.0,366.0,538.0,,371.0,787.0,251.0,577.0,640.0,706.0,559.0,724.0,561.0,704.0,363.0,559.0,432.0,363.0,363.0,371.0,401.0,439.0,399.0,419.0,569.0,470.0,681.0,297.0,493.0,254.0,605.0,546.0,472.0,508.0,726.0,371.0,592.0,274.0,427.0,655.0,531.0,320.0,302.0,394.0,348.0,163.0,452.0,462.0,297.0,424.0,475.0,262.0,419.0,546.0,711.0,770.0,422.0,582.0,422.0,348.0,249.0,330.0,229.0,345.0,386.0,564.0,188.0
USC00392927,508.0,318.0,1067.0,592.0,211.0,485.0,716.0,239.0,300.0,648.0,564.0,323.0,427.0,584.0,356.0,696.0,483.0,358.0,991.0,396.0,1016.0,668.0,300.0,495.0,216.0,305.0,610.0,333.0,945.0,490.0,587.0,437.0,505.0,404.0,572.0,373.0,409.0,239.0,536.0,541.0,503.0,561.0,411.0,1702.0,655.0,932.0,889.0,808.0,361.0,1410.0,556.0,960.0,361.0,457.0,411.0,330.0,958.0,442.0,551.0,279.0,645.0,203.0,457.0,335.0,391.0,681.0,386.0,460.0,516.0,371.0,277.0,635.0,864.0,521.0
USC00393029,500.0,665.0,427.0,452.0,318.0,386.0,960.0,226.0,424.0,681.0,615.0,696.0,330.0,251.0,518.0,422.0,752.0,498.0,394.0,437.0,419.0,615.0,635.0,599.0,432.0,462.0,361.0,381.0,648.0,356.0,312.0,572.0,300.0,386.0,437.0,645.0,686.0,696.0,437.0,729.0,610.0,358.0,561.0,503.0,579.0,452.0,353.0,513.0,528.0,549.0,533.0,610.0,356.0,559.0,508.0,495.0,960.0,348.0,325.0,841.0,,508.0,864.0,221.0,521.0,584.0,1054.0,483.0,894.0,478.0,297.0,671.0,615.0,894.0
USC00394037,622.0,361.0,411.0,356.0,455.0,358.0,622.0,424.0,559.0,,511.0,470.0,551.0,368.0,399.0,432.0,688.0,528.0,320.0,445.0,533.0,592.0,559.0,389.0,274.0,597.0,363.0,368.0,584.0,452.0,488.0,665.0,622.0,414.0,485.0,610.0,462.0,635.0,381.0,851.0,737.0,508.0,483.0,521.0,749.0,419.0,368.0,653.0,983.0,457.0,584.0,1016.0,673.0,767.0,429.0,658.0,488.0,447.0,310.0,777.0,513.0,780.0,859.0,551.0,607.0,569.0,554.0,572.0,1468.0,480.0,307.0,610.0,427.0,894.0
USC00395481,361.0,300.0,485.0,531.0,483.0,406.0,442.0,318.0,658.0,500.0,528.0,965.0,1191.0,584.0,673.0,325.0,318.0,732.0,711.0,277.0,762.0,846.0,691.0,521.0,688.0,648.0,399.0,673.0,366.0,338.0,508.0,663.0,470.0,691.0,394.0,655.0,645.0,559.0,361.0,457.0,307.0,345.0,401.0,381.0,711.0,472.0,300.0,681.0,1019.0,516.0,536.0,686.0,655.0,518.0,472.0,648.0,1041.0,622.0,356.0,610.0,424.0,508.0,493.0,800.0,541.0,691.0,864.0,747.0,991.0,272.0,638.0,318.0,394.0,1054.0
USC00410493,800.0,660.0,914.0,1577.0,467.0,330.0,559.0,432.0,780.0,752.0,960.0,272.0,445.0,457.0,818.0,1003.0,434.0,1044.0,645.0,462.0,826.0,853.0,592.0,584.0,772.0,584.0,505.0,1247.0,582.0,,1026.0,615.0,445.0,411.0,861.0,841.0,1250.0,742.0,371.0,663.0,853.0,737.0,508.0,513.0,361.0,894.0,1722.0,1001.0,513.0,668.0,343.0,757.0,853.0,747.0,615.0,508.0,869.0,734.0,503.0,724.0,686.0,1369.0,439.0,538.0,1034.0,787.0,500.0,660.0,554.0,343.0,462.0,635.0,521.0,1448.0
USC00410639,673.0,2065.0,411.0,478.0,396.0,495.0,927.0,894.0,932.0,686.0,706.0,1011.0,615.0,493.0,630.0,798.0,2695.0,579.0,800.0,597.0,2362.0,996.0,1483.0,635.0,500.0,640.0,653.0,965.0,716.0,1280.0,889.0,643.0,1016.0,795.0,1222.0,808.0,874.0,782.0,455.0,1808.0,678.0,1107.0,986.0,1118.0,432.0,711.0,838.0,813.0,1110.0,709.0,1880.0,963.0,1199.0,818.0,838.0,1511.0,1313.0,643.0,1288.0,1008.0,546.0,587.0,1270.0,485.0,564.0,533.0,838.0,1191.0,780.0,853.0,1519.0,445.0,478.0,521.0
USC00414081,533.0,800.0,876.0,932.0,1115.0,909.0,1897.0,1298.0,2570.0,792.0,955.0,673.0,572.0,546.0,1067.0,1105.0,635.0,953.0,1227.0,1120.0,1080.0,813.0,927.0,800.0,787.0,907.0,549.0,434.0,859.0,599.0,737.0,841.0,711.0,673.0,1397.0,635.0,584.0,699.0,2807.0,1201.0,851.0,551.0,1910.0,1085.0,1082.0,953.0,1046.0,1588.0,734.0,508.0,1295.0,693.0,1146.0,757.0,1334.0,551.0,1069.0,945.0,747.0,577.0,564.0,1123.0,2068.0,884.0,762.0,1745.0,577.0,955.0,1080.0,833.0,792.0,686.0,1143.0,
USC00420730,,267.0,262.0,259.0,140.0,485.0,193.0,274.0,447.0,330.0,211.0,198.0,287.0,264.0,241.0,318.0,264.0,249.0,803.0,373.0,157.0,251.0,279.0,137.0,483.0,290.0,196.0,277.0,203.0,249.0,188.0,312.0,244.0,295.0,305.0,234.0,445.0,305.0,114.0,384.0,267.0,193.0,180.0,267.0,145.0,264.0,272.0,475.0,381.0,203.0,1524.0,762.0,254.0,254.0,183.0,399.0,147.0,267.0,168.0,229.0,348.0,262.0,254.0,384.0,203.0,127.0,239.0,257.0,231.0,191.0,544.0,292.0,183.0,351.0
USC00421214,305.0,277.0,254.0,145.0,,165.0,378.0,173.0,180.0,315.0,287.0,152.0,117.0,203.0,279.0,150.0,241.0,203.0,272.0,,157.0,292.0,175.0,259.0,117.0,130.0,363.0,249.0,135.0,257.0,183.0,257.0,165.0,155.0,234.0,173.0,328.0,234.0,203.0,145.0,353.0,165.0,419.0,196.0,178.0,279.0,274.0,254.0,155.0,163.0,185.0,185.0,183.0,229.0,315.0,384.0,546.0,132.0,97.0,254.0,163.0,107.0,206.0,196.0,213.0,411.0,269.0,206.0,231.0,239.0,244.0,191.0,152.0,330.0
USC00422101,107.0,262.0,269.0,241.0,198.0,188.0,221.0,137.0,132.0,127.0,221.0,155.0,244.0,272.0,315.0,173.0,267.0,180.0,226.0,262.0,170.0,178.0,292.0,140.0,488.0,140.0,272.0,297.0,325.0,239.0,297.0,269.0,307.0,274.0,188.0,213.0,132.0,183.0,127.0,152.0,216.0,124.0,152.0,208.0,173.0,239.0,191.0,272.0,178.0,274.0,135.0,277.0,114.0,183.0,180.0,183.0,269.0,193.0,229.0,170.0,262.0,142.0,170.0,307.0,132.0,102.0,290.0,203.0,165.0,107.0,269.0,178.0,191.0,203.0
USC00424856,198.0,173.0,216.0,178.0,211.0,254.0,279.0,229.0,165.0,193.0,117.0,229.0,267.0,328.0,368.0,132.0,300.0,226.0,259.0,198.0,216.0,193.0,188.0,157.0,328.0,246.0,627.0,340.0,335.0,178.0,140.0,323.0,302.0,193.0,254.0,274.0,241.0,137.0,137.0,165.0,353.0,236.0,218.0,267.0,483.0,307.0,254.0,478.0,216.0,213.0,445.0,201.0,414.0,279.0,508.0,318.0,185.0,155.0,,282.0,269.0,394.0,224.0,363.0,290.0,305.0,406.0,246.0,147.0,224.0,178.0,277.0,203.0,267.0
USC00426357,254.0,290.0,495.0,295.0,203.0,259.0,254.0,208.0,279.0,229.0,198.0,272.0,267.0,262.0,409.0,216.0,348.0,191.0,267.0,198.0,264.0,183.0,198.0,221.0,732.0,251.0,178.0,361.0,348.0,292.0,315.0,267.0,318.0,284.0,318.0,267.0,320.0,318.0,333.0,241.0,203.0,173.0,216.0,312.0,262.0,353.0,279.0,318.0,409.0,259.0,203.0,762.0,224.0,394.0,297.0,267.0,305.0,318.0,239.0,305.0,533.0,325.0,196.0,259.0,249.0,333.0,318.0,274.0,229.0,185.0,574.0,307.0,226.0,290.0
USC00427260,107.0,279.0,457.0,152.0,91.0,132.0,183.0,142.0,231.0,147.0,246.0,175.0,185.0,216.0,251.0,259.0,302.0,244.0,246.0,188.0,170.0,206.0,208.0,163.0,297.0,102.0,284.0,300.0,254.0,251.0,282.0,191.0,259.0,272.0,216.0,193.0,218.0,211.0,168.0,290.0,325.0,165.0,246.0,157.0,239.0,163.0,180.0,262.0,216.0,198.0,168.0,249.0,168.0,1778.0,292.0,244.0,119.0,203.0,175.0,175.0,272.0,152.0,511.0,302.0,127.0,140.0,130.0,323.0,201.0,119.0,318.0,229.0,178.0,361.0
USC00427686,241.0,406.0,368.0,432.0,500.0,422.0,323.0,251.0,234.0,305.0,257.0,251.0,310.0,305.0,315.0,323.0,439.0,358.0,262.0,330.0,284.0,292.0,295.0,188.0,356.0,203.0,191.0,170.0,549.0,305.0,338.0,742.0,503.0,414.0,422.0,318.0,292.0,206.0,246.0,318.0,493.0,386.0,290.0,249.0,389.0,351.0,300.0,485.0,419.0,277.0,249.0,236.0,231.0,292.0,244.0,246.0,234.0,368.0,417.0,229.0,330.0,389.0,353.0,305.0,221.0,254.0,279.0,320.0,483.0,188.0,363.0,315.0,262.0,445.0
USC00428771,241.0,229.0,320.0,356.0,231.0,305.0,533.0,673.0,231.0,254.0,208.0,257.0,290.0,269.0,216.0,259.0,277.0,295.0,498.0,325.0,500.0,384.0,396.0,290.0,356.0,262.0,224.0,386.0,391.0,290.0,437.0,531.0,312.0,361.0,323.0,660.0,295.0,541.0,378.0,279.0,414.0,173.0,366.0,366.0,325.0,328.0,241.0,386.0,239.0,584.0,188.0,320.0,300.0,488.0,942.0,300.0,284.0,564.0,188.0,254.0,396.0,338.0,249.0,249.0,338.0,262.0,632.0,292.0,221.0,175.0,292.0,302.0,330.0,297.0
USC00429595,127.0,163.0,366.0,282.0,170.0,188.0,363.0,157.0,345.0,150.0,302.0,180.0,213.0,140.0,323.0,119.0,180.0,246.0,218.0,180.0,170.0,180.0,300.0,127.0,180.0,208.0,226.0,394.0,213.0,218.0,140.0,302.0,419.0,381.0,201.0,203.0,221.0,117.0,155.0,254.0,241.0,257.0,218.0,150.0,259.0,196.0,279.0,442.0,287.0,330.0,145.0,145.0,218.0,295.0,213.0,282.0,216.0,193.0,236.0,193.0,236.0,366.0,325.0,307.0,231.0,191.0,193.0,102.0,150.0,198.0,356.0,290.0,241.0,191.0
USC00429717,396.0,544.0,406.0,292.0,315.0,193.0,373.0,312.0,203.0,231.0,348.0,282.0,315.0,163.0,267.0,335.0,513.0,391.0,414.0,292.0,284.0,462.0,323.0,226.0,701.0,244.0,249.0,373.0,251.0,450.0,457.0,475.0,300.0,513.0,333.0,272.0,394.0,439.0,340.0,218.0,356.0,376.0,434.0,330.0,272.0,536.0,381.0,353.0,239.0,229.0,236.0,211.0,231.0,610.0,315.0,419.0,251.0,378.0,191.0,351.0,358.0,216.0,404.0,518.0,312.0,582.0,295.0,518.0,516.0,343.0,368.0,419.0,381.0,155.0
USC00441209,544.0,419.0,699.0,813.0,424.0,566.0,635.0,,785.0,394.0,521.0,391.0,645.0,363.0,351.0,820.0,607.0,549.0,475.0,589.0,404.0,1001.0,432.0,617.0,538.0,460.0,564.0,376.0,668.0,960.0,744.0,376.0,419.0,663.0,579.0,564.0,546.0,424.0,699.0,681.0,541.0,521.0,414.0,757.0,1158.0,572.0,533.0,572.0,351.0,500.0,742.0,516.0,991.0,508.0,498.0,577.0,622.0,686.0,500.0,551.0,599.0,406.0,607.0,617.0,798.0,457.0,693.0,472.0,432.0,749.0,533.0,909.0,630.0,1219.0
USC00451484,749.0,607.0,455.0,521.0,569.0,371.0,518.0,478.0,455.0,648.0,424.0,361.0,351.0,424.0,518.0,508.0,429.0,597.0,465.0,335.0,841.0,638.0,549.0,376.0,523.0,620.0,404.0,363.0,259.0,607.0,627.0,785.0,582.0,505.0,574.0,526.0,315.0,427.0,574.0,587.0,439.0,498.0,401.0,320.0,516.0,533.0,521.0,356.0,478.0,450.0,406.0,599.0,597.0,620.0,638.0,714.0,645.0,366.0,528.0,439.0,757.0,450.0,424.0,389.0,493.0,472.0,498.0,625.0,643.0,635.0,869.0,528.0,409.0,676.0
USC00461220,345.0,429.0,521.0,899.0,493.0,579.0,457.0,556.0,414.0,422.0,490.0,434.0,638.0,302.0,320.0,488.0,780.0,422.0,546.0,531.0,556.0,772.0,386.0,424.0,536.0,693.0,673.0,417.0,391.0,632.0,627.0,704.0,599.0,427.0,828.0,612.0,381.0,,,,394.0,475.0,465.0,871.0,574.0,678.0,635.0,650.0,457.0,660.0,500.0,922.0,533.0,470.0,439.0,432.0,465.0,1257.0,521.0,363.0,579.0,577.0,353.0,409.0,381.0,572.0,526.0,757.0,434.0,483.0,907.0,554.0,376.0,549.0
USC00470265,467.0,836.0,673.0,752.0,419.0,559.0,455.0,361.0,521.0,503.0,876.0,406.0,599.0,574.0,511.0,475.0,724.0,996.0,660.0,470.0,394.0,333.0,445.0,630.0,940.0,538.0,351.0,485.0,434.0,450.0,584.0,500.0,465.0,,597.0,686.0,475.0,528.0,582.0,1062.0,546.0,462.0,549.0,584.0,828.0,622.0,389.0,653.0,625.0,488.0,729.0,386.0,975.0,340.0,442.0,467.0,417.0,516.0,483.0,1130.0,571.0,465.0,597.0,587.0,566.0,538.0,460.0,737.0,610.0,991.0,622.0,864.0,394.0,445.0
USC00473405,434.0,368.0,338.0,602.0,437.0,429.0,315.0,318.0,848.0,742.0,955.0,406.0,889.0,302.0,345.0,686.0,406.0,607.0,483.0,879.0,648.0,505.0,480.0,284.0,706.0,457.0,691.0,1052.0,434.0,737.0,582.0,528.0,919.0,386.0,551.0,754.0,759.0,942.0,856.0,566.0,597.0,579.0,450.0,500.0,541.0,660.0,1461.0,559.0,953.0,465.0,561.0,2395.0,427.0,826.0,902.0,483.0,635.0,597.0,437.0,724.0,640.0,457.0,503.0,826.0,406.0,914.0,465.0,699.0,475.0,536.0,866.0,521.0,414.0,546.0
USC00474546,559.0,546.0,470.0,648.0,381.0,427.0,508.0,432.0,635.0,546.0,1461.0,673.0,457.0,572.0,495.0,1143.0,490.0,533.0,584.0,749.0,724.0,648.0,699.0,,1006.0,1077.0,820.0,762.0,386.0,526.0,1029.0,15240.0,640.0,635.0,371.0,584.0,805.0,378.0,523.0,399.0,927.0,696.0,610.0,701.0,686.0,302.0,787.0,914.0,711.0,864.0,584.0,1080.0,1019.0,711.0,1168.0,472.0,838.0,1158.0,523.0,826.0,635.0,678.0,584.0,564.0,579.0,691.0,1069.0,805.0,1143.0,757.0,490.0,699.0,704.0,500.0
USC00475091,356.0,445.0,561.0,457.0,302.0,432.0,335.0,460.0,663.0,1283.0,559.0,452.0,452.0,470.0,1313.0,437.0,660.0,500.0,559.0,1054.0,363.0,320.0,787.0,422.0,635.0,432.0,432.0,432.0,706.0,434.0,577.0,762.0,455.0,536.0,853.0,310.0,528.0,386.0,305.0,841.0,1006.0,523.0,1034.0,399.0,767.0,617.0,351.0,546.0,470.0,483.0,368.0,983.0,523.0,399.0,310.0,564.0,234.0,749.0,569.0,399.0,965.0,307.0,406.0,648.0,404.0,757.0,490.0,424.0,704.0,559.0,330.0,460.0,483.0,643.0
USC00476208,368.0,254.0,432.0,411.0,267.0,711.0,432.0,584.0,660.0,465.0,483.0,437.0,300.0,1397.0,574.0,437.0,531.0,366.0,,516.0,566.0,419.0,815.0,381.0,739.0,414.0,330.0,533.0,503.0,706.0,508.0,904.0,561.0,1181.0,511.0,376.0,366.0,432.0,254.0,,1626.0,526.0,688.0,488.0,551.0,554.0,495.0,620.0,610.0,361.0,432.0,498.0,617.0,411.0,838.0,826.0,381.0,572.0,518.0,549.0,427.0,432.0,554.0,617.0,437.0,953.0,381.0,445.0,612.0,681.0,356.0,376.0,732.0,368.0
USC00477092,612.0,594.0,754.0,767.0,1062.0,480.0,582.0,592.0,627.0,843.0,490.0,516.0,531.0,566.0,427.0,615.0,589.0,683.0,351.0,460.0,538.0,1095.0,968.0,528.0,574.0,561.0,884.0,1313.0,442.0,714.0,648.0,544.0,645.0,406.0,671.0,500.0,363.0,343.0,559.0,813.0,432.0,686.0,724.0,551.0,635.0,889.0,762.0,470.0,838.0,686.0,396.0,427.0,523.0,490.0,597.0,475.0,483.0,343.0,305.0,1016.0,1245.0,660.0,726.0,457.0,508.0,775.0,495.0,823.0,541.0,737.0,376.0,404.0,366.0,432.0
USC00478267,500.0,312.0,406.0,638.0,508.0,561.0,384.0,470.0,582.0,914.0,490.0,511.0,318.0,566.0,739.0,434.0,620.0,333.0,572.0,559.0,378.0,640.0,978.0,536.0,648.0,389.0,381.0,467.0,942.0,406.0,406.0,686.0,437.0,663.0,963.0,356.0,523.0,330.0,485.0,457.0,422.0,401.0,1006.0,457.0,381.0,711.0,660.0,457.0,345.0,592.0,422.0,533.0,437.0,475.0,394.0,711.0,269.0,503.0,318.0,528.0,312.0,394.0,505.0,787.0,724.0,813.0,559.0,498.0,902.0,775.0,721.0,409.0,432.0,711.0
USC00483855,419.0,508.0,381.0,216.0,460.0,259.0,163.0,318.0,254.0,716.0,178.0,427.0,404.0,1041.0,676.0,358.0,490.0,483.0,538.0,594.0,371.0,277.0,406.0,427.0,320.0,594.0,399.0,820.0,246.0,391.0,373.0,457.0,203.0,333.0,439.0,305.0,605.0,572.0,358.0,325.0,267.0,239.0,617.0,549.0,508.0,660.0,475.0,521.0,224.0,224.0,668.0,191.0,307.0,376.0,,,508.0,,231.0,351.0,394.0,297.0,490.0,508.0,376.0,409.0,279.0,373.0,439.0,290.0,224.0,406.0,422.0,470.0
USC00487760,414.0,333.0,180.0,163.0,216.0,422.0,254.0,218.0,193.0,163.0,173.0,272.0,386.0,478.0,150.0,152.0,234.0,234.0,183.0,267.0,389.0,480.0,381.0,89.0,297.0,287.0,483.0,411.0,254.0,371.0,264.0,381.0,246.0,229.0,264.0,160.0,163.0,81.0,274.0,140.0,208.0,178.0,559.0,206.0,351.0,305.0,325.0,274.0,,305.0,191.0,246.0,254.0,218.0,218.0,178.0,338.0,356.0,335.0,521.0,406.0,119.0,394.0,305.0,241.0,368.0,381.0,188.0,236.0,163.0,152.0,302.0,348.0,231.0
USC00488160,338.0,610.0,495.0,165.0,521.0,279.0,241.0,363.0,145.0,297.0,333.0,927.0,574.0,574.0,198.0,282.0,401.0,683.0,206.0,333.0,493.0,432.0,475.0,495.0,300.0,282.0,335.0,554.0,274.0,335.0,229.0,584.0,165.0,396.0,221.0,1092.0,368.0,348.0,323.0,206.0,221.0,340.0,533.0,229.0,404.0,257.0,470.0,406.0,351.0,366.0,193.0,508.0,318.0,325.0,546.0,384.0,419.0,470.0,135.0,272.0,442.0,241.0,470.0,531.0,267.0,610.0,432.0,338.0,351.0,,320.0,429.0,533.0,170.0
USW00012835,1565.0,1006.0,1448.0,729.0,770.0,622.0,711.0,1186.0,1687.0,1176.0,818.0,1976.0,813.0,706.0,1031.0,594.0,1207.0,1344.0,1410.0,1422.0,602.0,1161.0,1410.0,1402.0,978.0,706.0,988.0,1158.0,1359.0,1354.0,1003.0,904.0,1194.0,759.0,1067.0,737.0,1227.0,772.0,1969.0,988.0,655.0,973.0,559.0,485.0,1298.0,1158.0,1554.0,864.0,569.0,1623.0,767.0,1189.0,1412.0,889.0,1191.0,785.0,1300.0,973.0,528.0,904.0,1072.0,691.0,823.0,841.0,787.0,836.0,1430.0,904.0,932.0,752.0,1212.0,1049.0,559.0,1153.0
USW00012919,1115.0,808.0,290.0,1694.0,914.0,937.0,1072.0,1085.0,462.0,521.0,1402.0,719.0,716.0,411.0,594.0,1430.0,3071.0,620.0,864.0,602.0,589.0,947.0,864.0,777.0,1267.0,1466.0,1321.0,544.0,719.0,1387.0,846.0,841.0,645.0,2007.0,942.0,1036.0,683.0,1186.0,617.0,556.0,2329.0,691.0,744.0,782.0,965.0,2309.0,1209.0,1151.0,699.0,605.0,508.0,871.0,1331.0,1158.0,417.0,551.0,1217.0,1697.0,691.0,1646.0,894.0,782.0,676.0,668.0,1664.0,572.0,434.0,544.0,579.0,879.0,2055.0,1171.0,627.0,958.0
USW00013976,1092.0,785.0,960.0,1438.0,1262.0,653.0,1130.0,846.0,1006.0,1107.0,1450.0,759.0,1504.0,1803.0,963.0,922.0,1273.0,843.0,704.0,650.0,973.0,1293.0,1120.0,808.0,975.0,1026.0,1118.0,1323.0,1991.0,2637.0,630.0,970.0,1283.0,1062.0,1034.0,785.0,747.0,996.0,1214.0,747.0,1491.0,1201.0,2537.0,582.0,1839.0,1458.0,930.0,1572.0,1267.0,1128.0,1631.0,1138.0,986.0,1742.0,838.0,907.0,1039.0,1288.0,833.0,1361.0,1074.0,826.0,808.0,1745.0,787.0,2642.0,1628.0,676.0,1128.0,1481.0,1618.0,1394.0,970.0,1666.0
USW00014946,434.0,462.0,810.0,445.0,483.0,663.0,508.0,356.0,508.0,373.0,348.0,386.0,683.0,508.0,445.0,605.0,300.0,345.0,564.0,653.0,945.0,630.0,411.0,422.0,340.0,373.0,1105.0,394.0,533.0,676.0,455.0,384.0,292.0,452.0,615.0,505.0,798.0,460.0,325.0,556.0,643.0,384.0,559.0,856.0,427.0,122.0,,648.0,269.0,282.0,389.0,1097.0,465.0,528.0,406.0,729.0,589.0,521.0,373.0,650.0,401.0,787.0,655.0,424.0,782.0,991.0,561.0,467.0,457.0,358.0,566.0,549.0,533.0,470.0
USW00023066,147.0,295.0,307.0,168.0,183.0,163.0,170.0,173.0,107.0,112.0,191.0,201.0,185.0,109.0,267.0,150.0,246.0,155.0,274.0,178.0,163.0,152.0,140.0,353.0,249.0,147.0,99.0,163.0,165.0,178.0,160.0,251.0,244.0,188.0,224.0,168.0,175.0,211.0,150.0,152.0,196.0,208.0,254.0,165.0,231.0,124.0,333.0,122.0,259.0,124.0,160.0,114.0,188.0,185.0,307.0,198.0,277.0,208.0,185.0,132.0,239.0,122.0,244.0,297.0,224.0,130.0,79.0,272.0,163.0,229.0,236.0,300.0,224.0,272.0
USW00023194,239.0,198.0,157.0,170.0,452.0,178.0,328.0,191.0,173.0,191.0,168.0,239.0,287.0,528.0,155.0,170.0,198.0,343.0,229.0,206.0,297.0,472.0,175.0,564.0,224.0,150.0,287.0,188.0,300.0,396.0,249.0,409.0,198.0,239.0,196.0,185.0,338.0,163.0,330.0,168.0,135.0,239.0,330.0,297.0,160.0,221.0,112.0,264.0,277.0,99.0,218.0,130.0,130.0,127.0,165.0,64.0,119.0,132.0,119.0,277.0,191.0,251.0,452.0,206.0,277.0,142.0,244.0,221.0,221.0,175.0,290.0,155.0,239.0,168.0
USW00024018,307.0,193.0,401.0,284.0,610.0,193.0,320.0,295.0,251.0,193.0,356.0,251.0,330.0,152.0,345.0,432.0,411.0,381.0,246.0,417.0,208.0,198.0,866.0,574.0,274.0,231.0,409.0,282.0,414.0,300.0,429.0,373.0,307.0,366.0,1539.0,356.0,330.0,335.0,239.0,259.0,396.0,231.0,257.0,279.0,366.0,269.0,361.0,155.0,411.0,259.0,399.0,328.0,269.0,203.0,368.0,488.0,267.0,526.0,305.0,386.0,617.0,450.0,348.0,338.0,396.0,366.0,419.0,338.0,419.0,198.0,602.0,107.0,351.0,282.0
USW00024128,401.0,157.0,114.0,112.0,124.0,142.0,196.0,343.0,124.0,178.0,175.0,142.0,272.0,206.0,107.0,94.0,130.0,203.0,150.0,241.0,254.0,208.0,168.0,173.0,178.0,211.0,351.0,122.0,147.0,188.0,206.0,218.0,183.0,218.0,152.0,168.0,229.0,165.0,147.0,147.0,193.0,145.0,147.0,201.0,160.0,168.0,239.0,292.0,107.0,226.0,99.0,208.0,178.0,163.0,183.0,307.0,124.0,89.0,122.0,262.0,196.0,112.0,264.0,208.0,231.0,292.0,198.0,203.0,292.0,224.0,264.0,170.0,287.0,206.0
USW00024157,224.0,315.0,257.0,320.0,236.0,196.0,386.0,229.0,262.0,348.0,203.0,226.0,196.0,386.0,284.0,188.0,155.0,226.0,170.0,221.0,279.0,236.0,264.0,185.0,208.0,198.0,259.0,196.0,203.0,173.0,216.0,239.0,259.0,178.0,183.0,173.0,244.0,353.0,244.0,269.0,173.0,203.0,191.0,216.0,267.0,315.0,244.0,241.0,216.0,312.0,163.0,269.0,274.0,556.0,224.0,239.0,282.0,300.0,188.0,249.0,160.0,300.0,284.0,206.0,338.0,274.0,188.0,284.0,203.0,356.0,218.0,196.0,216.0,229.0
USW00093987,655.0,757.0,1062.0,892.0,605.0,960.0,1351.0,1247.0,879.0,777.0,1260.0,1097.0,531.0,744.0,1572.0,874.0,798.0,1260.0,772.0,820.0,561.0,599.0,1156.0,975.0,800.0,767.0,996.0,572.0,932.0,795.0,681.0,777.0,1049.0,881.0,950.0,1298.0,1082.0,480.0,1316.0,1793.0,594.0,909.0,950.0,1897.0,1049.0,871.0,1351.0,1430.0,917.0,1207.0,869.0,1306.0,777.0,1153.0,1346.0,1082.0,876.0,739.0,1417.0,498.0,693.0,770.0,1011.0,1041.0,917.0,970.0,932.0,1207.0,1227.0,495.0,1059.0,945.0,1067.0,1057.0
USW00093992,691.0,678.0,762.0,429.0,770.0,678.0,1194.0,2705.0,1046.0,500.0,1321.0,869.0,884.0,765.0,607.0,663.0,508.0,1087.0,1039.0,818.0,691.0,785.0,963.0,1618.0,785.0,1069.0,533.0,1110.0,879.0,615.0,1143.0,892.0,732.0,927.0,1676.0,2228.0,1219.0,912.0,513.0,1275.0,1547.0,856.0,1041.0,737.0,732.0,630.0,1267.0,1222.0,648.0,681.0,919.0,671.0,500.0,927.0,792.0,676.0,729.0,843.0,1008.0,828.0,724.0,734.0,869.0,1006.0,813.0,1196.0,691.0,958.0,1407.0,950.0,765.0,1209.0,1046.0,1603.0
USW00094967,315.0,853.0,886.0,292.0,673.0,386.0,445.0,345.0,1448.0,488.0,508.0,551.0,424.0,564.0,396.0,754.0,315.0,625.0,732.0,569.0,752.0,665.0,1161.0,406.0,470.0,401.0,305.0,991.0,645.0,434.0,460.0,422.0,975.0,549.0,1544.0,1364.0,599.0,683.0,1113.0,455.0,414.0,488.0,566.0,1024.0,772.0,447.0,569.0,478.0,521.0,404.0,396.0,876.0,483.0,574.0,582.0,323.0,442.0,396.0,216.0,622.0,409.0,645.0,561.0,320.0,445.0,1001.0,429.0,726.0,406.0,536.0,744.0,404.0,363.0,884.0
