station,location_est,location_lower,location_upper,location_se,scale_est,scale_lower,scale_upper,scale_se,shape_est,shape_lower,shape_upper,shape_se,nllh,method
USC00010583,968.4734860907329,870.9537020377751,1065.9932701436906,49.75590614020535,368.4512904111763,285.886003388366,451.0165774339865,42.1259205138843,0.30146000427981157,0.07899749814055118,0.5239225104190719,0.11350336429343412,566.808411624758,ismev_car_delta
USC00012813,1093.6876364064597,992.9386753931697,1194.4365974197497,51.403475680157875,383.88611539975284,303.3173949674463,464.45483583205936,41.10724537176312,0.20769940512091672,0.003060367012148596,0.4123384432296848,0.10440959105521061,565.9285021146148,ismev_car_delta
USC00020080,277.67591515964466,247.95787488811615,307.3939554311732,15.162544059962647,117.97608835158,96.58497048434867,139.36720621881133,10.91403619452283,0.05308255672364857,-0.0846317769206936,0.19079689036799072,0.070263706236755,465.4336323311976,ismev_car_delta
USC00020287,308.8628073109612,275.7891796608393,341.93643496108314,16.874609896407534,122.9038416446966,97.27149719724609,148.5361860921471,13.077967069617186,0.09044152319126775,-0.13466390041306264,0.31554694679559814,0.11485181634965404,476.8164880147009,ismev_car_delta
USC00020750,240.0352527464346,218.74552237742262,261.32498311544657,10.86230692856739,79.43205440144325,62.513523375404034,96.35058542748247,8.632062200882483,0.16372547098369766,-0.06565137866995652,0.39310232063735184,0.11703115540027755,447.7482899842396,ismev_car_delta
USC00028162,252.9023470243746,232.13210975433475,273.67258429441443,10.597254558692317,78.89165549783681,62.98529948406381,94.7980115116098,8.115636888861381,0.12083144850495914,-0.07218431874363374,0.313847215753552,0.098479241848869,433.3054598266049,ismev_car_delta
USC00029542,206.20095888384782,185.6208502813529,226.78106748634275,10.500248353963753,74.75129130197972,58.611823819287174,90.89075878467227,8.234573497267608,0.1034142815031216,-0.14985711358375148,0.35668567658999467,0.12922247402740336,440.7927717381495,ismev_car_delta
USC00030006,743.5246645421043,672.3301271555814,814.7192019286273,36.32441103412938,277.3974841480132,216.58212576828404,338.21284252774234,31.028814233033334,0.3443144739045382,0.17278569698679666,0.5158432508222797,0.08751629023325871,532.6557926690281,ismev_car_delta
USC00030130,863.9431492766605,801.4692047563751,926.4170937969459,31.875047201413835,242.09897916824485,196.59320963105728,287.6047487054324,23.217655985585086,-0.01166763280935762,-0.1845870837721068,0.16125181815339157,0.08822583084521747,522.5238135734747,ismev_car_delta
USC00030458,770.6537666100332,720.0374969898546,821.2700362302119,25.825101899541675,195.72647234891116,157.74657105913468,233.70637363868764,19.37785673071399,0.07768025087135313,-0.10318536983516899,0.25854587157787523,0.09228007357949795,510.63637257260785,ismev_car_delta
USC00031102,796.1783447124392,733.2692054427222,859.0874839821562,32.097089418956834,240.85066769026236,193.33261057661048,288.36872480391423,24.244352186299476,0.07893704639455582,-0.11362177046006389,0.2714958632491755,0.09824609960871686,526.0903461764534,ismev_car_delta
USC00031152,777.0490105225446,707.6870108077253,846.4110102373638,35.3894256537048,261.01697334138373,208.51544200565945,313.518504677108,26.78698779663794,0.06064410066787626,-0.14506489578362902,0.26635309711938154,0.10495549820002391,524.1819081975135,ismev_car_delta
USC00033734,750.0673129570673,697.5141962591008,802.6204296550338,26.813307342634253,207.982718898774,170.88647629552,245.07896150202802,18.927002177521853,-0.11096329508606517,-0.25506749526368994,0.03314090509155959,0.07352390212998829,506.86393046660953,ismev_car_delta
USC00035186,770.1209240186781,719.6009007768002,820.640947260556,25.775995702152382,192.74764970127663,154.89726275414972,230.59803664840354,19.31177677022943,0.06945829334136604,-0.12071458894371027,0.25963117562644233,0.09702876368399409,502.3615789475398,ismev_car_delta
USC00041614,212.62459919047353,194.67957839302596,230.5696199879211,9.155791095650537,67.63204329009594,53.9013450957769,81.36274148441498,7.005586991712622,0.10803423812362561,-0.09255350130869361,0.30862197755594484,0.10234256395246534,421.66320636203716,ismev_car_delta
USC00050848,395.3433901347462,358.53339405421673,432.15338621527565,18.780955349629892,143.43663629267812,115.62463056715269,171.24864201820355,14.190059585228598,0.14079464158002697,-0.004456075539669452,0.28604535869972336,0.07410887050242534,469.834875790361,ismev_car_delta
USC00051660,222.7815951230242,206.79895284085893,238.76423740518948,8.154559169573686,62.29679956561827,50.771774025973045,73.8218251052635,5.880223121727318,-0.018730194464465375,-0.18682593802963682,0.14936554910070604,0.08576471041870629,421.8724054053788,ismev_car_delta
USC00051713,182.34363179706236,169.2233441226886,195.46391947143613,6.694147330188175,51.62446412958158,42.12224973440311,61.12667852476005,4.848157655003218,0.02826272138452593,-0.12819169122526664,0.1847171339943185,0.07982514670875845,409.7147228733809,ismev_car_delta
USC00052184,202.59946147207188,187.26705013250574,217.93187281163802,7.822802592550797,60.26497494247341,48.95750234075199,71.57244754419483,5.7692246852050975,0.05802792782060767,-0.0995209590942902,0.21557681473550555,0.08038356222748144,422.38691403683436,ismev_car_delta
USC00052281,192.2032580541682,179.0542699374877,205.3522461708487,6.708790682072758,51.748707491541396,42.34384586194867,61.15356912113412,4.798486963932538,-0.023069211486735953,-0.1780156828349641,0.13187725986149218,0.07905577478485634,407.7998711598772,ismev_car_delta
USC00053005,353.0930031677399,316.3281141214372,389.8578922140426,18.75794113376546,137.44424199142395,108.61695103164055,166.27153295120735,14.708071774363917,0.14350229173803528,-0.07754314744498708,0.36454773092105763,0.11278035766299822,487.2872761329265,ismev_car_delta
USC00053496,217.3718579564866,200.92700156384876,233.81671434912442,8.39038702871724,63.06952659442957,49.67981543811648,76.45923775074266,6.8316108162851075,0.24194922903734586,0.046529425713866784,0.4373690323608249,0.09970581340520826,427.94571263334257,ismev_car_delta
USC00053951,241.58575968559705,220.34436754633956,262.8271518248546,10.837644113262746,81.5031113730837,63.72684121290594,99.27938153326146,9.069692249650869,0.28849815027243203,0.09066967681260452,0.48632662373225954,0.10093474932206578,448.4886962990472,ismev_car_delta
USC00054082,397.41797882355684,366.0575611490005,428.7783964981132,16.000507112336415,123.21063739640847,100.77847723016492,145.64279756265202,11.445189984706643,0.00411107732108862,-0.14437439620563694,0.15259655084781418,0.07575928675116485,466.5932974682659,ismev_car_delta
USC00057936,259.96056231148305,243.35440203403203,276.56672258893406,8.472686441403159,63.8897237994877,51.852905226496546,75.92654237247885,6.141346814500696,0.0031391288163653405,-0.15596817689087786,0.1622464345236085,0.08117868846686029,407.2129536615922,ismev_car_delta
USC00058931,260.3141053113869,237.45003205062704,283.1781785721468,11.665557857750846,89.16196049018599,70.91053377523663,107.41338720513535,9.312123518041295,0.22150938527024777,0.04778689451222362,0.3952318760282719,0.08863555255521277,452.40911579865656,ismev_car_delta
USC00080478,760.3962913394521,710.5408077724754,810.25177490642875,25.436938617357438,190.950475034973,152.33498707545957,229.56596299448645,19.702141602655708,0.14026983700852103,-0.05500757277973245,0.3355472467967745,0.09963316230735708,511.5013417384888,ismev_car_delta
USC00083163,1009.580503222602,909.8828891925275,1109.2781172526766,50.86706430142421,383.6196625434436,307.47764827552226,459.76167681136496,38.84868031684249,0.13961396533090378,-0.03163522186561879,0.31086315252742636,0.087373639795075,547.468224186982,ismev_car_delta
USC00083207,787.4798820577342,711.8841738893093,863.0755902261592,38.56994759327937,282.7398535117808,218.91197632782786,346.5677306957337,32.56584186618687,0.2991773679159725,0.068669431934516,0.529685303897429,0.11760825086566577,547.0194445527868,ismev_car_delta
USC00086240,1126.0427962212339,1034.0540088570733,1218.0315835853944,46.93391719937531,356.56851979670716,287.9686473669726,425.1683922264417,35.000578056965146,0.06607925222722659,-0.11525874195678242,0.24741724641123558,0.09252108488440605,554.7067501845648,ismev_car_delta
USC00087205,784.8021938759828,728.0743530637928,841.5300346881727,28.943307764658886,213.72132332392346,168.08736352730944,259.3552831205375,23.28306038099112,0.2176340294210306,0.017458402023614705,0.4178096568184465,0.10213229884649706,501.8531318651512,ismev_car_delta
USC00091982,783.7043378922363,732.6599083743225,834.74876741015,26.04355484108164,192.33647686824264,148.9211630532237,235.7517906832616,22.15107734502951,0.31479052630203186,0.09090170423579733,0.5386793483682664,0.1142310898732023,519.1697175306019,ismev_car_delta
USC00102707,207.32733473874674,192.39477509644524,222.25989438104824,7.618792875832221,55.55301492396065,44.39792504345667,66.70810480446464,5.691476970237166,-0.06517089771058046,-0.29032397187410697,0.15998217645294602,0.11487612830618586,411.8608721496754,ismev_car_delta
USC00103297,183.8883488617321,168.91966798784784,198.85702973561638,7.6372224142664376,58.49046639656929,48.02043464578029,68.96049814735828,5.341951093680942,-0.09598438063180437,-0.2413811806084094,0.04941241934480067,0.07418340394184612,402.3803548084173,ismev_car_delta
USC00105275,192.29711890294908,175.9652508224429,208.62898698345526,8.33273887139247,62.083084251143774,49.454204353589894,74.71196414869766,6.443424469617236,0.13024597424712925,-0.07436361989309911,0.33485556838735764,0.10439456834623635,427.9690538554958,ismev_car_delta
USC00106542,205.7529068486316,191.21846249578846,220.28735120147473,7.4156690977431206,54.787374325209,44.10480397077879,65.46994467963921,5.450391149374665,-0.06141356467620969,-0.2651406756782867,0.1423135463258673,0.10394431357364244,405.34081964861355,ismev_car_delta
USC00107386,342.92205783498207,324.43009293338184,361.4140227365823,9.434849337774834,71.19294048299196,57.144200469300074,85.24168049668384,7.167856207821447,0.10243894638177345,-0.0818382132466981,0.286716106010245,0.09402068664629877,436.69824287573084,ismev_car_delta
USC00110072,549.682934348443,504.1085754314041,595.257293265482,23.252651210187363,176.5718802489469,142.34650224129217,210.79725825660165,17.462248427838546,0.09338219482535744,-0.0800874266744001,0.26685181632511495,0.08850653525680259,496.91446601227403,ismev_car_delta
USC00110338,562.3653467237937,511.2454912928439,613.4852021547434,26.082038156913438,201.34751522254146,158.61817770307619,244.07685274200674,21.801083007906705,0.30103989428126554,0.13348842506608594,0.46859136349644515,0.08548701432108154,515.2595311809207,ismev_car_delta
USC00111436,595.69354864424065,558.3565307961742,633.0305664923071,19.04984894751947,139.82996104175663,109.76776346573212,169.89215861778115,15.338137748015425,0.210667191615781,-0.007433512460857189,0.42876789569241924,0.11127791418464257,484.68778221177166,ismev_car_delta
USC00112140,602.754771634228,557.2428635086659,648.26667975979,23.22078797598028,170.31370627138335,135.14017003592082,205.4872425068459,17.946011514959928,0.10409415479493744,-0.11139856668413786,0.3195868762740127,0.10994728636794067,494.8709788737819,ismev_car_delta
USC00114198,547.9422206223469,512.00752166571306,583.8769195789807,18.334366978210884,133.0844311328243,103.47258826100163,162.69627400464697,15.108360717542322,0.24601648448753033,0.008919794292427369,0.48311317468263326,0.12096992192983722,489.10400950435746,ismev_car_delta
USC00120177,515.1645390755978,484.61582031751175,545.7132578336838,15.586367402182095,113.17949757242243,88.45555124247998,137.9034439023649,12.614490125819554,0.21108550777046775,-0.019526529585521007,0.44169754512645654,0.11766136478783648,469.30334858837375,ismev_car_delta
USC00120676,509.5080010030977,476.5355290327395,542.480472973456,16.82299890734775,126.15428514623751,101.50636562420755,150.80220466826748,12.575700225335579,0.072553547621585,-0.10627035793248105,0.2513774531756511,0.09123836303350788,464.9388478264489,ismev_car_delta
USC00123418,532.5791380285937,487.1699717195928,577.9883043375945,23.168367718581862,178.900615127994,145.83193693903144,211.96929331695657,16.872084614719498,0.03834666116093828,-0.11435715466372721,0.1910504769856038,0.07791154175748828,501.95866685974266,ismev_car_delta
USC00130385,568.1448998065064,526.577377575621,609.7124220373918,21.20830921321246,163.41633199499915,130.21331239483737,196.61935159516094,16.94062741053559,0.2283726132380514,0.0669775026925464,0.3897677237835564,0.0823459572821588,496.6751097004146,ismev_car_delta
USC00130600,593.8509344404185,548.0948005580765,639.6070683227606,23.345395243617045,180.61010976900036,147.35060891468578,213.86961062331494,16.969444906468333,0.049593240743045525,-0.10243591113399567,0.20162239262008672,0.07756731913250844,503.2331010656854,ismev_car_delta
USC00131233,539.777753366068,492.8934209416402,586.6620857904959,23.921017321871975,180.17770991580426,144.8421514791973,215.51326835241122,18.02867742230436,0.07464688215192822,-0.1121741113491802,0.26146787565303664,0.09531858492029886,504.3625656997972,ismev_car_delta
USC00131319,613.8576352157206,561.7726859796325,665.9425844518088,26.574442003489686,199.59795523640412,160.24161528378417,238.95429518902407,20.080134259128098,0.08499458093866566,-0.10363766104047462,0.27362682291780593,0.09624270826762502,505.6471022067065,ismev_car_delta
USC00131394,606.9620552408362,555.4921516797385,658.4319588019339,26.260637423486234,199.94397998217295,160.71974876640314,239.16821119794275,20.012730603809835,0.13826414098209744,-0.026921406943959808,0.3034496889081547,0.08427988944134679,500.84859915365286,ismev_car_delta
USC00132110,565.8342912276937,519.693105782108,611.9754766732794,23.541853732793854,177.1075592822462,139.90982544983194,214.30529311466046,18.978784368399232,0.21850523992080578,0.02023287450611383,0.41677760533549774,0.1011612289708582,509.1673909608123,ismev_car_delta
USC00132171,523.3136697959461,477.69971106730065,568.9276285245916,23.272855566960686,168.5089993289012,128.08449813221202,208.9335005255904,20.625124500017613,0.37464387655667053,0.1226248700047543,0.6266628831085868,0.1285834885435702,511.82673759145484,ismev_car_delta
USC00132603,588.7429055002815,544.5853401115457,632.9004708890172,22.529784086363332,164.3993468167902,130.4183815108884,198.380312122692,17.337545778360898,0.08112515828980478,-0.14314722187165296,0.30539753845126255,0.11442678637489757,498.08263108674134,ismev_car_delta
USC00132999,592.396961075859,546.3253122922074,638.4686098595107,23.50637519212543,179.36611541635895,145.0498552341182,213.6823755985997,17.50861773630691,0.0779826541390039,-0.08846844649128435,0.24443375476929216,0.08492559146149284,497.366604244721,ismev_car_delta
USC00133584,575.0506548543148,521.1089824796549,628.9923272289747,27.521767134572347,200.30921195903318,159.08003872672361,241.53838519134274,21.035679001002077,0.08634993108511077,-0.1246946452739233,0.29739450744414486,0.10767778286934189,492.1685788215304,ismev_car_delta
USC00134561,553.6632897925524,502.1430681896694,605.1835113954354,26.286310365531182,198.2004073988391,159.73613841533466,236.66467638234354,19.624987646153553,0.06970078310037467,-0.1109091050671677,0.25031067126791706,0.09214959539673696,504.37049604733573,ismev_car_delta
USC00137161,542.4233245655173,498.3436918968638,586.5029572341708,22.490021763842627,162.6148660075375,126.80208500735418,198.42764700772082,18.272162796189104,0.2205197292019343,-0.013838915544730546,0.45487837394859915,0.1195729342963728,496.12505531161503,ismev_car_delta
USC00140365,476.6510181553256,433.2293535533379,520.0726827573133,22.154317602003026,163.2301786280624,130.81558529921162,195.64477195691316,16.538361717119784,-0.021023768913274357,-0.23209504533669145,0.1900475075101427,0.10769140560149086,493.30204829264864,ismev_car_delta
USC00141522,531.1999623901896,482.56193836722713,579.8379864131522,24.815774374740077,192.49361137487725,158.65859516177687,226.32862758797762,17.263080587187655,-0.06765850553781258,-0.20212224251231606,0.0668052314366909,0.06860520807276885,495.9221968433818,ismev_car_delta
USC00142432,414.4085847943787,381.0837700831988,447.7333995055587,17.00276891516468,125.57405121066282,98.30045087896002,152.8476515423656,13.915357908019475,0.25135890529428984,0.05074162380313585,0.4519761867854438,0.1023576367084281,465.36068186234615,ismev_car_delta
USC00142835,689.7426878654971,632.3510883656638,747.1342873653305,29.281966379245187,214.46189973129202,168.05202868673885,260.8717707758452,23.67894074106888,0.22868806776141776,0.022555232630652844,0.43482090289218267,0.10517174639774735,502.3211948267973,ismev_car_delta
USC00162534,958.3015010739416,875.1956552036322,1041.407346944251,42.40172091213804,317.81118729480517,254.43110219171808,381.19127239789225,32.33737232062482,0.10000043153998195,-0.0941750127281025,0.29417587580806637,0.09907092466989988,547.4681992846621,ismev_car_delta
USC00164674,930.6870744439304,860.204966587278,1001.1691823005829,35.96091990087896,267.4745406328191,210.57800083549557,324.3710804301427,29.029380257043613,0.21411521969969488,0.0028485814824087685,0.425381857916981,0.10779108181769179,539.5290140998961,ismev_car_delta
USC00170814,443.71186538267386,411.98142069689976,475.44231006844797,16.18929987288531,120.4958887836769,96.40341771402049,144.58835985333332,12.292302950306619,0.07962612533852045,-0.12335400504415606,0.28260625572119696,0.10356319400956239,474.9472875763366,ismev_car_delta
USC00181790,541.1942488209397,496.4623634418249,585.9261342000545,22.822809874035578,171.0012120238587,136.94356086847353,205.05886317924387,17.376671930723,0.10853773932247238,-0.08023598832681164,0.29731146697175637,0.09631489616049435,495.1565290011526,ismev_car_delta
USC00186620,485.41701998722215,448.5681043849696,522.2659355894747,18.800812613350093,138.935136906439,108.49966782021225,169.37060599266573,15.528585895607188,0.2724056921493348,0.07216621888165994,0.4726451654170096,0.10216487386867225,473.399082590179,ismev_car_delta
USC00192451,663.6919429415444,614.2725216408253,713.1113642422636,25.21445378105581,189.3067261551368,151.01306644756744,227.60038586270616,19.5379404976953,0.13987907010649764,-0.057216889975915064,0.33697503018891034,0.1005610111395314,510.9030920990276,ismev_car_delta
USC00200146,465.17350441120374,433.30817515042895,497.0388336719785,16.258119798182243,125.70762042204188,100.2389103727134,151.17633047137036,12.994478597679556,0.2286359870653676,0.0646235524859505,0.39264842164478475,0.08368135122539308,484.1992401791301,ismev_car_delta
USC00200230,441.9054867263079,406.4285134197978,477.382460032818,18.10082919193819,141.80435053583795,112.18080204451084,171.42789902716507,15.114333082135126,0.31416295714750164,0.1691149406596985,0.4592109736353048,0.07400544991230626,489.90768948504876,ismev_car_delta
USC00200718,439.476405957614,406.5063757275472,472.44643618768083,16.82175309859273,128.41220088313997,102.98864605812106,153.8357557081589,12.971439794586368,0.16296108107193596,-8.359942167177892e-4,0.3267581563605897,0.08357147201717187,470.04693200528527,ismev_car_delta
USC00201468,403.8601688859967,373.96958297110194,433.75075480089146,15.25057916914183,114.81979822381018,92.5648526019805,137.07474384563986,11.354772739383911,0.054533958851346126,-0.12512275665840655,0.2341906743610988,0.09166327387996002,463.8103568717843,ismev_car_delta
USC00201492,420.8726123320756,387.49206570220286,454.2531589619484,17.031204090061976,132.21124706778843,108.50484496891578,155.91764916666108,12.095325366111693,-0.0463881798406516,-0.18842018841932542,0.09564382873802221,0.07246664209087729,475.93494920887184,ismev_car_delta
USC00203391,448.5264539038217,413.96469019890026,483.0882176087431,17.633876937300993,133.37245525952721,107.03073598468696,159.71417453436746,13.439899652555038,0.11704130079877564,-0.06779158847555086,0.3018741900731021,0.09430422739002595,483.91696946842916,ismev_car_delta
USC00204090,423.88324336103807,392.1905087367401,455.575977985336,16.17005969205874,125.60137033213358,98.30359748354677,152.89914318072042,13.927691051421442,0.36204314686843153,0.19655566566087648,0.5275306280759866,0.08443393986466038,489.60846914470324,ismev_car_delta
USC00204502,447.4421693919063,411.4092451551199,483.4750936286927,18.384482837954955,142.42001616528447,115.58868836973603,169.2513439608329,13.689704508445324,0.10251147871803948,-0.0476753678934366,0.2526983253295155,0.07662735019425398,487.6887371239326,ismev_car_delta
USC00205065,460.2552154222192,422.7389692005073,497.77146164393105,19.14129367561609,147.2659496040076,118.75290637315113,175.77899283486406,14.547738354257383,0.1391397792457333,-0.022975242154381792,0.3012548006458484,0.08271326548796701,491.8701662907693,ismev_car_delta
USC00207812,431.6227725000756,394.6810511992026,468.5644938009486,18.848163329665542,133.2316058595067,103.15193032453598,163.3112813944774,15.347055237869348,0.20435104377240365,-0.05263268766321,0.4613347752080173,0.13111655798916133,480.9444417594017,ismev_car_delta
USC00208417,394.25531158556396,366.26361230533064,422.2470108657973,14.281741654963204,109.72216233159942,89.17476050991023,130.26956415328863,10.483560914263977,0.04543155468530139,-0.11770422940169067,0.20856733877229344,0.08323407234713819,466.40185310197427,ismev_car_delta
USC00210287,497.1580465722204,455.98808166844424,538.3280114759966,21.005470115022327,166.0168410593663,136.37847933698168,195.65520278175092,15.121890991961205,0.0980771571253555,-0.008824927263307358,0.20497924151401836,0.05454288202839077,491.09737512999095,ismev_car_delta
USC00211691,499.802397341086,461.87681598738305,537.7279786947889,19.35014196834998,144.1077435492386,114.37621411481743,173.83927298365975,15.169426412393126,0.15822060490743195,-0.04675776596160877,0.36319897577647264,0.10458272319587708,491.3929564009457,ismev_car_delta
USC00213303,483.6541378994981,441.34082342193807,525.9674523770582,21.58882245353592,160.64861736656803,128.15258251407658,193.14465221905948,16.57991427843371,0.10647048746112209,-0.10004106553334569,0.31298204045558986,0.1053649733481863,497.44979023980477,ismev_car_delta
USC00214652,463.9399533824234,422.1758895857869,505.70401717906,21.308587364903726,161.00196732455348,129.00507287234566,192.9988617767613,16.325246129314237,0.12110486342690027,-0.06263067214629506,0.30484039900009563,0.09374434276470274,497.86858993304037,ismev_car_delta
USC00216565,522.9172300322422,475.10416416184,570.7302959026443,24.39486962390409,187.9868417804372,153.33773759685275,222.63594596402166,17.678439224849118,0.01399853704075801,-0.14469075635081402,0.17268783043233005,0.08096541295824464,504.887465473891,ismev_car_delta
USC00221707,728.1511469954555,664.9573610148605,791.3449329760506,32.242320001316145,225.72351021711586,175.95028556204247,275.4967348721893,25.394969013552423,0.12053527126001262,-0.13239455683595686,0.3734650993559821,0.1290482019522031,501.9559830616154,ismev_car_delta
USC00224966,978.0184278812819,889.7753000202076,1066.2615557423562,45.022831315842986,342.25819035335616,277.3509593390699,407.1654213676424,33.116542715206116,0.04774272279146824,-0.12186750777257233,0.2173529533555088,0.08653742206586676,543.2731813730197,ismev_car_delta
USC00240780,312.02344408291765,282.58588795143316,341.46100021440213,15.019437277258255,114.23657140244865,92.37112576368293,136.10201704121437,11.156044606552763,0.06579602361271142,-0.10740389125728944,0.23899593848271228,0.08836892730487894,470.1097730826944,ismev_car_delta
USC00240802,289.8382855013875,260.6230998021929,319.05347120058207,14.905980890281791,110.70382719625087,86.51116805505687,134.89648633744486,12.343420252628423,0.27076399897424464,0.06150877942742225,0.480019218521067,0.1067648289445117,476.22535963483034,ismev_car_delta
USC00241044,265.9653754445643,244.7975864954822,287.1331643936464,10.800090775162671,79.32584112857052,63.11799133128739,95.53369092585365,8.269463074387376,0.07793524899890017,-0.13960071830860613,0.2954712163064065,0.11098977788541133,444.0055047176803,ismev_car_delta
USC00242122,320.5256617575376,291.87101929731796,349.1803042177572,14.619984186568624,111.12718033445337,89.63675945815568,132.61760121075105,10.964701926061597,0.09014568349228566,-0.07740061671623624,0.2576919837008076,0.08548437702432585,462.6939659918727,ismev_car_delta
USC00242793,222.8494161598243,206.4797752767553,239.2190570428933,8.352011063565776,63.859228379526144,51.58374795180517,76.13470880724711,6.263115304438447,0.09606377371362915,-0.07300040148286419,0.2651279489101225,0.08625881726911822,428.37924592179644,ismev_car_delta
USC00243013,272.343058095513,246.7608642260264,297.92525196499963,13.052379569867458,95.86741877467352,74.87769961908478,116.85713793026227,10.709237170250566,0.24944613917060726,0.03192910708655097,0.4669631712546636,0.11098011687959725,458.60689660095824,ismev_car_delta
USC00243581,321.5293725033231,290.2459537601513,352.8127912464949,15.961221221375217,117.50023678507844,93.99186318537242,141.00861038478445,11.994288560982282,0.019789322378357493,-0.19474723059045218,0.23432587534716715,0.10945943632691553,470.703125783981,ismev_car_delta
USC00246157,322.1163330468996,297.67179649411827,346.560869599681,12.471931497515651,92.46824745402813,74.50611306475943,110.43038184329683,9.164522680493995,-0.14248437980920098,-0.3520801922202175,0.06711143260181557,0.10693860400715606,446.376251199901,ismev_car_delta
USC00250050,491.4452557844953,447.6373072243275,535.2532043446631,22.351404875660624,175.04724900893945,144.82073950747582,205.27375851040307,15.421971903507659,-0.10522099383616704,-0.23509327669503485,0.02465128902270078,0.06626258639611944,494.07213021701625,ismev_car_delta
USC00250365,408.5436544403202,382.4301047734953,434.6572041071451,13.32348444808438,102.12021527016205,82.84516619150551,121.39526434881859,9.834389422813716,0.056511563350904494,-0.11200559618052489,0.22502872288233386,0.085979722515654,461.64804188656433,ismev_car_delta
USC00250945,493.879336530581,453.35967083978517,534.3990022213768,20.67367870553222,152.72465022241414,123.13516805016089,182.3141323946674,15.096951987715755,-0.05262355795515124,-0.24895214514204866,0.14370502923174622,0.10016948716176029,473.8757247652021,ismev_car_delta
USC00252020,587.1448357982857,539.5250784469855,634.764593149586,24.296241016120085,184.86218811390108,150.2648588257105,219.45951740209168,17.652022976488304,0.04879830827999182,-0.09554153400080406,0.1931381505607877,0.0736441299020442,484.0760959451821,ismev_car_delta
USC00252595,522.8588189364878,480.42168204114466,565.2959558318308,21.651998317357783,166.7600604893255,135.74975041516714,197.77037056348385,15.821877503241762,0.054465822311521764,-0.10107865890119079,0.21001030352423433,0.07936088746508999,491.10077266509006,ismev_car_delta
USC00253365,448.3660599432129,412.1717715175354,484.56034836889046,18.466813018592948,140.77468021984168,113.08690007907954,168.4624603606038,14.126678020188038,0.14799240792150936,-0.01506109467122324,0.31104591051424196,0.08319209122151115,475.92725872658923,ismev_car_delta
USC00253605,308.7528406102838,284.4378154649825,333.06786575558505,12.405853034594047,93.5761550136194,75.52998540881775,111.62232461842105,9.20739857831447,0.04430260729498794,-0.14156017450948874,0.23016538909946463,0.09482969241809475,454.66070736935154,ismev_car_delta
USC00254335,540.7298571638871,496.41928516953345,585.0404291582408,22.60785011554795,172.64309936049807,140.2927621990195,204.99343652197663,16.50557735583608,0.016328505275146503,-0.15061474008456857,0.1832717506348616,0.08517669032520095,498.5995459601744,ismev_car_delta
USC00257830,367.9685170405219,336.91531730034563,399.0217167806981,15.843760388007079,122.71993581717254,100.37730507262334,145.06256656172172,11.399510868967504,0.03539794948525639,-0.10858534816578029,0.17938124713629305,0.07346221603394684,467.63457162823084,ismev_car_delta
USC00265168,165.9839079840972,148.6420263184944,183.32578964969997,8.848061394185477,65.58952641121363,52.25959263259126,78.919460189836,6.8011115937676365,0.1275269614965502,-0.06381799584233949,0.3188719188354399,0.09762677214897537,419.96768414192127,ismev_car_delta
USC00272999,398.87198969936367,374.70966378765723,423.0343156110701,12.327943830751884,94.40667050912978,75.8129446986969,113.00039631956267,9.486769122850133,0.15334534019372337,-0.01861456663155578,0.32530524701900254,0.0877362585137671,459.8078300777462,ismev_car_delta
USC00290600,351.4574089552441,312.09387816799693,390.82093974249125,20.08380311972143,145.10962047828187,114.62528516434946,175.59395579221427,15.553518102571758,0.09865323237384996,-0.13120825411445153,0.32851471886215144,0.11727842363503596,482.936600804038,ismev_car_delta
USC00290692,207.98975817043197,192.9805763373006,222.99894000356335,7.657886548692685,58.072967935827194,46.85404841042391,69.29188746123049,5.724043714015512,0.06753260318939064,-0.09978634104771744,0.23485154742649872,0.08536837694819834,414.2647900322906,ismev_car_delta
USC00291138,265.23288306715847,240.1727611716979,290.293004962619,12.786011423236141,95.03218381142472,74.28382387936836,115.78054374348108,10.586092446451454,0.27525921648430896,0.068960445974137,0.48155798699448094,0.10525640886130071,459.0665619731594,ismev_car_delta
USC00291664,301.16058162404863,276.1162717448698,326.2048915032275,12.777943919748123,94.22302104561784,75.9043973865391,112.54164470469658,9.346408303200318,-0.058992385678251394,-0.25952486388460144,0.14154009252809868,0.10231436893132972,438.91809069592045,ismev_car_delta
USC00301966,413.3377968829368,381.74782962979333,444.92776413608027,16.11762639636294,120.45363854205405,96.36457986327541,144.54269722083268,12.290561902560489,0.09765338731479292,-0.10043344026810949,0.2957402148976953,0.10106656507231056,475.59610210393527,ismev_car_delta
USC00309000,464.5381703648022,430.89480738737166,498.1815333422328,17.16529652728578,127.40219876789286,101.31396957185326,153.49042796393246,13.310565603154052,0.1259470515990624,-0.0833278708181974,0.33522197401632214,0.1067748816141489,481.0701752893209,ismev_car_delta
USC00312635,722.9820975349477,659.9913099733291,785.9728850965663,32.13874747621993,234.76473658402506,182.43099243686197,287.09848073118815,26.701380515134467,0.2585837359920977,0.026261287612598216,0.4909061843715972,0.11853403950890394,531.6395218227398,ismev_car_delta
USC00313638,736.3953307472602,678.8827252393112,793.9079362552093,29.34370527295456,217.92327671820874,169.6061174077873,266.24043602863014,24.65206488054935,0.29239153683896213,0.08015805776325063,0.5046250159146737,0.108284377034365,520.4625928598495,ismev_car_delta
USC00320382,418.534640226457,385.7005788493961,451.3687016035179,16.752379960066506,125.50837318385163,101.10687364801325,149.90987271969001,12.44997343232544,0.024541152027820035,-0.167979416081364,0.21706172013700406,0.09822658458408509,475.60026775687163,ismev_car_delta
USC00320941,393.26028779310525,353.58031005578704,432.94026553042346,20.245258612050435,147.79684548960563,116.63290163008779,178.96078934912347,15.900263527970443,0.1361212696643424,-0.09035902729258219,0.36260156662126697,0.11555329523571471,492.4357589559838,ismev_car_delta
USC00331072,468.8699004377513,430.7870212495359,506.95277962596674,19.430397440263356,142.70941475818304,111.09265281889293,174.32617669747316,16.13129740580904,0.27009479875400133,0.04652926693746712,0.49366033057053554,0.11406614283731266,495.1356671186928,ismev_car_delta
USC00340292,668.000592558876,620.238729150108,715.7624559676439,24.368745438950608,183.14345544782242,144.9769358453663,221.30997505027852,19.4730719051517,0.21939707778401665,0.03562494543751721,0.4031692101305161,0.09376301493092253,497.72919089491705,ismev_car_delta
USC00351946,583.5386351210368,544.346627294528,622.7306429475456,19.996289796981113,149.32729334530183,111.22856520373335,187.4260214868703,19.43848378954225,0.5290000765047183,0.291713069308525,0.7662870837009115,0.12106702422487504,509.7238600795701,ismev_car_delta
USC00353827,188.50649789447874,174.7039745269754,202.30902126198208,7.042233161617203,51.513304816824416,39.82312623317353,63.2034834004753,5.9644864272310745,0.2992323573597413,0.06399472752648222,0.5344699871930003,0.12002140431598925,421.09849291143405,ismev_car_delta
USC00360475,457.229752148718,428.0173361467102,486.44216815072576,14.90456775350547,116.01921184008604,94.477015566343,137.5614081138291,10.99111843057584,0.08513650591950372,-0.059972520227428106,0.23024553206643555,0.0740365778613961,466.04546587350694,ismev_car_delta
USC00363028,472.1625583525239,439.8756767046845,504.44944000036327,16.473201498861293,121.50131280276905,95.57995250914558,147.42267309639251,13.225426843599099,0.21119578503233494,0.004622399425535523,0.4177691706391343,0.1053965211790747,467.94442499537774,ismev_car_delta
USC00380506,715.3969899292733,667.5143437565661,763.2796361019806,24.430370430477026,180.18395255943835,142.6174032881211,217.7505018307556,19.166958968449123,0.14936981229588076,-0.066729986556923,0.3654696111486845,0.1102570254134114,507.648748122459,ismev_car_delta
USC00382260,640.6718063742849,598.1199778399017,683.223634908668,21.710515534992755,161.39105980459755,124.6685927489896,198.1135268602055,18.736296863243453,0.3294247851979357,0.10717737064648986,0.5516721997493816,0.11339362167085987,506.9624366511365,ismev_car_delta
USC00390043,459.98435197903683,422.1029994761391,497.8657044819346,19.327575813484863,145.3311826801957,116.66831128377609,173.9940540766153,14.624182700554028,0.08072371769085596,-0.10951317315592102,0.27096060853763293,0.09706142171353216,488.7999593551703,ismev_car_delta
USC00391972,395.96061528543555,361.8302588252204,430.0909717456507,17.41376715563707,131.7393004522673,107.41916242030946,156.0594384842251,12.408461698169953,-0.12489344664017826,-0.3017572839197973,0.05197039063944078,0.09023830982339394,466.64569427098405,ismev_car_delta
USC00392927,418.9413217367071,375.58487549133463,462.29776798207956,22.12104231881944,166.58833456216598,132.5781771828033,200.59849194152866,17.352439967076172,0.17130675236047244,-0.02207291185359661,0.3646864165745415,0.09866490697758899,502.60968514348787,ismev_car_delta
USC00393029,450.19653880019416,411.84257804070205,488.5504995596863,19.56870690585301,147.72544159962894,120.07889234813149,175.37199085112638,14.105641465644217,-0.043550411151982715,-0.21968556653035035,0.13258474422638492,0.08986652651155802,478.23872981732137,ismev_car_delta
USC00394037,466.2741832333559,433.1578128435445,499.39055362316736,16.896417817382936,128.0274101680895,103.09631752358854,152.95850281259044,12.720178963059643,0.09763781984621271,-0.07462686575084566,0.2699025054432711,0.08789176074451382,473.3971045095773,ismev_car_delta
USC00395481,473.0682916892771,430.1300158224312,516.006567556123,21.907686164407902,160.19125121369734,127.7576315507034,192.6248708766913,16.54806920883557,0.020060448841882475,-0.19936597938939327,0.23948687707315824,0.1119543164885087,493.58668581313304,ismev_car_delta
USC00410493,573.6456224401664,520.0975992652878,627.19364561504506,27.320922015536286,204.05956511011487,163.4408923792422,244.67823784098755,20.724193429709725,0.09494661009334963,-0.09702254116575172,0.286915761352451,0.0979452442867979,507.51237071114144,ismev_car_delta
USC00410639,684.6186457485323,619.1576148947929,750.0796766022718,33.399098845737804,244.56826781901702,190.06392852950756,299.0726071085265,27.808847366294863,0.27199614803491146,0.04199252474051862,0.5019997713293043,0.11735094374622806,535.2255580629886,ismev_car_delta
USC00414081,764.7833509742302,700.6372777869964,828.929424161464,32.72818974900042,243.45662400795453,191.24751021573988,295.66573780016915,26.637792430898468,0.23910533882209073,0.03422417043558881,0.4439865072085927,0.10453312918123929,526.3129577758933,ismev_car_delta
USC00420730,226.75532942835395,206.1702950222675,247.34036383444038,10.502761565242311,80.63809196161836,64.24949069421481,97.0266932290219,8.361684906801731,0.22854209833783196,0.06485488845590323,0.39222930821976065,0.08351541720821025,445.0239110616367,ismev_car_delta
USC00421214,188.8697299942208,172.56474896016823,205.17471102827335,8.319020738474878,61.753906680509644,49.54984715741408,73.95796620360521,6.226675397792834,0.05214410562383712,-0.13887261778049886,0.2431608290281731,0.09745930277854674,412.77923802278946,ismev_car_delta
USC00422101,179.9873870997834,165.6901699799109,194.2846042196559,7.29463257113249,55.625284733813515,45.17211530071066,66.07845416691637,5.333347712282537,-0.034852711114614646,-0.20051168006691739,0.13080625783768812,0.08452143521972832,412.62057203381033,ismev_car_delta
USC00424856,216.06348505498397,198.0829100587874,234.04406005118054,9.173931326302442,68.70431348760411,55.16974842930663,82.2388785459016,6.905517226365591,0.08038666632955876,-0.10769905615684497,0.26847238881596247,0.0959638666679592,427.4371707010575,ismev_car_delta
USC00426357,246.63348387978803,231.70679769349027,261.5601700660858,7.615796159540459,57.563776743810735,45.720037814101424,69.40751567352004,6.04283498224009,0.20633008947236148,0.01871285865640085,0.39394732028832213,0.095724835913242,425.2940912085691,ismev_car_delta
USC00427260,182.84108277606052,167.01788601494846,198.66427953717258,8.073207919085968,62.906361886966295,50.57337831586486,75.23934545806773,6.29245418200663,0.2030835095829785,0.05916248207350344,0.34700453709245355,0.07343044496975751,431.04568026585974,ismev_car_delta
USC00427686,281.084011831142,262.1543562717791,300.0136673905049,9.658165001335561,73.46032874857151,59.45475876377823,87.4658987333648,7.145830278141555,0.038374533861285476,-0.13522921807509328,0.21197828579766423,0.08857497041054992,436.38397049347014,ismev_car_delta
USC00428771,281.2230485895549,260.65851015354025,301.7875870255695,10.492304245498948,79.88562809001652,63.74552612642558,96.02573005360748,8.234897217960132,0.1821396032062954,-2.0865102390854595e-6,0.3642812929228299,0.09293114116037078,448.7355745511043,ismev_car_delta
USC00429595,196.65366843519422,180.16457657418627,213.14276029620217,8.412956559953042,62.43545798473679,50.20844784835135,74.66246812112225,6.2383851095380045,-0.013124241189614038,-0.2193410097086764,0.19309252732944834,0.105214570341942,422.5845590178712,ismev_car_delta
USC00429717,302.1139555492632,277.6595134886488,326.5683976098776,12.476985420909728,94.50695553404283,76.81170704893405,112.20220401915161,9.028353900728098,-0.07024869766289357,-0.2488048383368746,0.10830744301108747,0.09110174578839669,450.64329263498985,ismev_car_delta
USC00441209,510.38289227865977,476.94846825775363,543.817316299566,17.058693059991224,126.31139055242906,100.81840367274526,151.80437743211286,13.006864963218321,0.09752922570093082,-0.10353293403182469,0.29859138543368635,0.10258461957398617,472.5947717072767,ismev_car_delta
USC00451484,467.00054320719414,438.34351025157105,495.65757616281724,14.621203849492208,112.4543274837801,92.18242260601856,132.72623236154166,10.342998666130475,-0.13425395758688163,-0.2934305924570085,0.02492267728324521,0.08121406113872086,460.6465183635967,ismev_car_delta
USC00461220,469.0275846640614,439.1040253285094,498.9511439996134,15.267402652081984,113.10816441250671,90.25786547814273,135.9584633468707,11.658530011063585,0.11470267590766245,-0.07447274676870946,0.30387809858403436,0.09651984636889431,452.492787844343,ismev_car_delta
USC00470265,493.22507031467416,462.1888784806342,524.2612621487142,15.835082725422271,118.23266076232106,94.1528146146543,142.31250690998783,12.285861545214871,0.14697171643832274,-0.05001075765670818,0.34395419053335363,0.10050310906159685,469.9540044865209,ismev_car_delta
USC00473405,500.8992938941959,459.311265015783,542.4873227726088,21.218771980737387,161.05724937671874,128.321966671913,193.79253208152448,16.701981752224782,0.1857677902673609,0.004034957506703407,0.3675006230280184,0.09272253683952508,500.55451377157254,ismev_car_delta
USC00474546,570.0398774348166,522.5886688634673,617.4910860061659,24.21024516044093,187.89211699193987,148.3416421276371,227.44259185624264,20.179184503527555,0.31064832224641964,0.15652620029433523,0.46477044419850405,0.0786351806297361,510.0646641056557,ismev_car_delta
USC00475091,446.391462384757,410.0500961531749,482.73282861633913,18.541854094380415,140.6352046090566,112.08982803103672,169.18058118707646,14.564235263087573,0.1765758927560883,-0.01105141224920489,0.36420319776138144,0.09572997590020708,490.4635922453697,ismev_car_delta
USC00476208,446.59861573853823,411.64170593929566,481.5555255377808,17.835485792074874,135.98168779696647,109.18908397954394,162.774291614389,13.669947013699831,0.15660675321465073,-0.00514207480845727,0.31835558123775876,0.0825264286991813,473.66296318779183,ismev_car_delta
USC00477092,517.0431937039762,478.70889691378045,555.3774904941719,19.558674084101433,147.01896436918736,118.05953515159169,175.97839358678303,14.775490491674319,0.0843689822822811,-0.10674534314997053,0.2754833077145327,0.09750910064661243,489.79055309895193,ismev_car_delta
USC00478267,454.6492474929007,420.7387469835307,488.55974800227074,17.301593690930922,127.82355641608103,101.80419458298236,153.84291824917972,13.275428547838677,0.09422557600978607,-0.11937888885101225,0.3078300408705844,0.10898387243116871,480.01468074042845,ismev_car_delta
USC00483855,342.1426008937825,309.46164315998533,374.8235586275797,16.67426442096916,124.30821603466202,100.4222143176161,148.19421775170795,12.186959508162225,3.8816688167397836e-4,-0.17286385699877121,0.17364019076211917,0.08839551402323466,454.44080844321047,ismev_car_delta
USC00487760,230.7862308513126,207.11403356571032,254.4584281369149,12.077873610089553,90.36772581627875,73.21907424398721,107.51637738857029,8.749472800295273,-0.09557704122193145,-0.28483304580718927,0.09367896336332637,0.09656096034319257,440.4066393417558,ismev_car_delta
USC00488160,310.3445229868884,278.6232841991362,342.06576177464063,16.184602899831468,122.78905405085234,99.4339594188763,146.1441486828284,11.916083568982929,0.037182388182532014,-0.1293186189195885,0.2036833952846525,0.08495105441500929,467.72651259305934,ismev_car_delta
USW00012835,887.7191111865011,814.1946340931032,961.243588279899,37.513177626400086,279.1045542962921,224.86505402355363,333.3440545690306,27.673722936019633,-0.05609870959111732,-0.2563050927300702,0.14410767354783552,0.10214799083970691,531.5363046665212,ismev_car_delta
USW00012919,735.94528381699,658.6916440170708,813.1989236169093,39.41584662232886,299.33379321796144,237.56076289987092,361.10682353605193,31.517431343304427,0.20727949570122664,0.018859463957765193,0.39569952744468806,0.09613443574968451,547.6305692348616,ismev_car_delta
USW00013976,979.0482150416829,902.3608324624436,1055.7355976209221,39.12693456825717,291.7810647696781,232.3275768333715,351.2345527059847,30.333969606211202,0.13508584106720356,-0.06682307971449616,0.3369947618489033,0.10301664845595715,542.633490173046,ismev_car_delta
USW00014946,446.25233768201906,408.1494173284174,484.3552580356207,19.44062271253586,151.55751276611238,125.09475334338958,178.02027218883518,13.501655964832858,-0.0421228134763695,-0.17545437638247796,0.09120874942973894,0.06802755762749257,479.78281617880225,ismev_car_delta
USW00023066,170.61114254324252,156.74917721201606,184.47310787446898,7.0725612514147524,53.112258444375286,43.04845877704422,63.176058111706354,5.134686018066168,-0.11744397375182881,-0.3106157655600672,0.07572781805640956,0.09855884767881087,406.258274390796,ismev_car_delta
USW00023194,186.17544297825583,168.35931949458276,203.9915664619289,9.090025951601348,70.06731321358369,56.89627845156796,83.23834797559941,6.720039177202833,0.07198987870215015,-0.08972852710066018,0.23370828450496048,0.08251090687299589,434.38753462622515,ismev_car_delta
USW00024018,285.4003440857357,259.9364022939398,310.8642858775316,12.992045768520347,102.29740997805251,83.6700259289665,120.92479402713853,9.503942009147337,0.10364611594022469,-0.020027018419724735,0.2273192503001741,0.06309969741049701,462.63930261039144,ismev_car_delta
USW00024128,163.25329774779755,149.9791547937131,176.527440701882,6.772646364315466,51.177151638408404,41.4868476123272,60.867455664489604,4.9441235157977825,-0.02114123842183397,-0.20222716442758487,0.15994468758391694,0.09239247630779629,407.2646447769412,ismev_car_delta
USW00024157,214.8570175833147,203.526301530964,226.1877336356654,5.781083806501528,43.47779501664163,34.7923764027607,52.163213630522556,4.431417455825926,0.11562493473629326,-0.07416863191754192,0.30541850139012844,0.096835231744513,400.8203654954976,ismev_car_delta
USW00093987,849.366255912949,786.48386658805,912.248645237848,32.08344123713866,247.07581105583102,202.4926193676659,291.65900274399615,22.74694435195324,-0.08383603028944411,-0.23859707494586418,0.07092501436697596,0.07896116759142285,520.875291025279,ismev_car_delta
USW00093992,772.7520967908504,714.0681144020552,831.4360791796455,29.9413575206927,229.8440711222964,184.94747673341803,274.7406655111748,22.90684662729367,0.14236839118898176,-0.025029560941402518,0.30976634331936603,0.08540868783855113,525.0942652200739,ismev_car_delta
USW00094967,468.2389947255349,426.1875880262536,510.2904014248162,21.455193580584872,163.91560634709305,130.58691962329138,197.2442930708947,17.004744468109667,0.195252648586916,0.013967904088929228,0.37653739308490275,0.09249391617802048,502.6188437489664,ismev_car_delta
